[횡설수설/ 권순활 ] 北 ‘외화벌이’ 뜯어먹기,O PER-B O LOC-B O O
연아 복귀무대 ‘반갑지 않은 손님’,PER-B O O O O
민간건설사 토지 강제수용권 에 제동,O O ISSUE-B O O
"찌뿌드드한 몸, 깨어나라",O O O
"“의료민영화로 해석하는건 괴담” 복지장관 , 부대사업 확대 옹호",O O O ORG-B O O O O
北 선박 안보리 제재강화 후 첫 나포,LOC-B O O O O O O
[단독] 오동나무 책장과 트렁크… 묘하게 닮았네,O O O O O O
백악관 홈피까지 번진 '탄핵 댓글 전쟁',O O O O O O
이 대통령 “민간인 사찰 엄중 문책”,PER-B ORG-B O O O O
"인천시, 급식 예산은 깎고 골프대회 엔 ‘16억’",O O O O ISSUE-B O O
뒷마당 이름모를 잡초… 내게 와 요리가 되었다,O O O O O O O
서울시 공무원 ‘전관예우’ 근절,LOC-B O O O
틸러슨 - 트럼프 또 엇박자…“대북 매파 폼페이오 로 국무 교체 계획”,PER-B O PER-B O O O PER-B O O O O
호젓한 길섶엔 장꾼들 사연 ‘소곤소곤’,O O O O O
“명품 향수 70% 싸게 팝니다”,O O O O O
직접 참여하고 체험하는 문화 예술의 즐거움,O O O O O O
WCC공동선언문 뭐길래… 10월 부산 총회 앞두고 개신교계 파장 일으키나,O O O LOC-B O O O O O
[ 호남 ] 5·18 31주년 하루 앞… 추모 열기 고조,O LOC-B O ISSUE-B O O O O O O
北 당국 “몰래 ‘정도전’ 보면 엄벌”,LOC-B O O O O O
"朴 “순환출자 해소, 기업에 맡겨야”",PER-B O O O O
‘ 조희문 ’ 성토장 된 영화인 대토론회,O PER-B O O O O O
두 달간 3승 비결은… 선배에게 빌린 퍼터,O O O O O O O
이집트 야권 무슬림형제단 “ 대선 승리” 주장,LOC-B O O O ISSUE-B O O
"[ 6·2 지방선거 ] "" 서울 경선, 꼬이네"";한나라는 시기, 민주는 TV토론 놓고 갈등",O ISSUE-B ISSUE-I O O LOC-B O O O O O O O
통일장관 유임 왜?,ORG-B O O
"“ 무인기 사건 은 날조” 북, 공동조사 제의",O ISSUE-B ISSUE-I O O O O O
"‘性접대’ 구설 도로공사, 이번엔 일감 몰아주기 의혹",O O O O O O O
주요국 중앙은행 /‘돈줄죄기’ 나설까,O O O O
[심층분석] 삼성 컨트롤타워 '전략기획실' 부활하나; 이건희 회장 은 방향 제시→기획실 구체화→계열사 실행 '스피드 경영' 되살릴 듯,O O O O O PER-B ORG-B O O O O O O O O O
이재현 CJ 회장 사전구속영장,PER-B O ORG-B O
"“탄생 100년, 윤동주 정본 시집은 아직 존재하지 않는다”",O O PER-B O O O O O
“미사일 지침은 사실상 협약”…‘국회 통제권’ 주장 설득력,O O O O O O O
환율 덕에 올 연말모임에서 랍스터 먹어보나,O O O O O O
"[국정원, 印尼 특사단 숙소 침입]우선협상자 선정 코앞에 두고… T-50 수출 또 꺾이나",O LOC-B O O O O O O O O O O
‘아래로부터의 민주화 실험’ 전국법관대표회의 활동 종료,O O O O O O
중국 성장률 1%p 하락때 한국 은 0.4%p↓,LOC-B O O O LOC-B O O
미사일 사거리 550km냐 700km냐,O O O O
다자녀-노부모 부양자라도 소득이나 부동산 많으면 보금자리주택 청약 제한,O O O O O O O O
ℓ당 111㎞ ‘연비 끝판왕’ XL1…친환경차 총출동,O O O O O O
껑충 뛴 외식값 때문에 물가 전망치 4%로 올려,O O O O O O O O
"[단독] 임태희 전 대통령실장 , 국립 한경대 총장 1순위 추천",O PER-B O ORG-B O O O ORG-B O O
‘관제 소홀’ 진도 VTS 해경 3명 첫 구속영장,O O LOC-B O O O O O
‘딸 암매장’ 한지붕 어른들 학대·묵인 탓,O O O O O O
나눔·사랑 필요한 곳이면 어디든 가지요,O O O O O
[더 나은 미래] '착한카드'로기부할 수 있는비영리단체어디 어디 있나?,O O O O O O O O
"[오늘과 내일/ 박성원 ] 朴 대통령, 문지방 돌덩이들을 어쩔 것인가",O O PER-B O PER-B O O O O O
"“ 러시아 ‘ 아사드 퇴진안’, 서방 이 3년전 묵살”",O LOC-B O PER-B O LOC-B O O O
전세계약 연장때 추가대출 원리금도 소득공제,O O O O O
"아이스댄스 민유라 · 겜린 , 갈수록 환상 호흡",O PER-B O PER-B O O O O
민주 “중수부 폐지-공수처 신설” 檢에 역공,O O O O O O
신경민 “ 고영주 이사장 은 방송 추행범”,PER-B O PER-B ORG-B O O O
한화 ‘이적생들의 분투’,O O O
수도권 민영주택도 청약가점제 물량 축소,LOC-B O O O O
강동원 의원 탈당…진보정의당 “다음 차례 누구냐”,PER-B ORG-B O O O O
"“ 비무장지대 가스관, 남 - 북 - 러 대면 필요”",O LOC-B O LOC-B O LOC-B O LOC-B O O
정진석 ‘ 비대위원 교체 불가’ 가닥… 친박 보이콧 정면돌파,PER-B O ORG-B O O O O O O
中 “올 성장률 6.5% 목표”… ‘바오치(保七)’ 공식 포기,LOC-B O O O O O O O
1표라도 더…전략지로 몰린 후보들 ‘밑바닥 훑기’,O O O O O O
"한 - 이란 경제협력, 넘어야 할 장애물은?",LOC-B O LOC-B O O O O
힘받는 국정교과서 철회론… 교육감 들도 가세,O O O ORG-B O O
오바마 “용납못해”…정보기관 개혁 도마에,PER-B O O O
"[ 인천 · 부천 ] "" 인천항 , 국·시비 들여 친수공간으로""; 안 시장 , ""주거·상업시설 반대""",O LOC-B O LOC-B O O LOC-B O O O O PER-B ORG-B O O O
美 “같은 말을 두 번 사지 않을 것”,LOC-B O O O O O O O
[窓]40년만에 부른 “엄…마…”,O O O
사망한 아이들 피 검사 에서 일부 세균 나와 “ 세균감염 의심”,O O ISSUE-B ISSUE-I O O O O O ISSUE-B O
미 FBI “테러와 무관”… 오바마 “조사에 만전”,LOC-B O O O PER-B O O
10년간 종이 신문 독파한 게 비결,O O O O O O
"흉부외과 전공醫 월급 300만원 더 드립니다;삼성서울병원, 파격 조건 내걸고 지원자 모집",O O O O O O O O O O O
"맥주, 맛있게 먹고 싶은가 빨리 따르고 거품 버려라",O O O O O O O O
日 아베노믹스 추락하자 ‘100엔숍’만 날개 달아,LOC-B ISSUE-B O O O O
경쟁 내몰린 학생들 “행복은 성적순 맞다”,O O O O O O
"‘폴크스바겐 조작 정보’ 독일 서 통보받을 수 있건만…정부, 한달 넘게 검토조차 안했다",O O O LOC-B O O O O O O O O
평균 68.5세… 실버축구단 떴다;국가대표 출신 허윤정 씨 감독,O O O O O PER-B O ORG-B
시리아 핵무기용 우라늄 50t 행방 묘연,LOC-B O O O O O
"[단독] 金 국방, 예비역 장성 600명 설득 나선다",O PER-B O O O O O O
"경찰 김소연 후보 폭행 논란, 진실은…",O PER-B O O O O
"노동자 떠난 자리, 쓸쓸한 ‘성탄절 눈물’",O O O O O O
[단독]‘BC 50년 東海 ’ 역사교과서 싣는다,O O LOC-B O O O
카드업계 “연말 문화 -레저행사 팍팍 쏩니다”,O O O O O O
[유레카] 이완용 과 국정교과서,O PER-B O O
"국민 눈총 아랑곳않고… 국회, 보좌진 300명 늘렸다",O O O O ORG-B O O
녹색바람 타고 친환경제품 잘나가네~,O O O O
재정부-한은 손잡고 물가정책 공조 강화,O O O O O
IS “ 팔미라 유적 파괴 않겠다” 공언,O O LOC-B O O O O
튀니지 이어 이집트 · 알제리 서도 /벼랑끝 몰린 서민들 분신 잇따라,LOC-B O LOC-B O LOC-B O O O O O O
발달장애인들 ‘눈물’ 닦아주나,O O O
[만물상] ' 프란치스코 수퍼스타',O O PER-B O
[ 수도권 ]집앞까지 찾아오는… 병원 안 부러운 보건소,O LOC-B O O O O O O
"美 , 위조방지 ‘100달러 신권’ 내달 첫선",LOC-B O O O O O O
국외서도 지진 참변…안타까운 일본,O O O LOC-B
[ 제주 · 서울 ] 드라마·영화 세트장 찾는 관광객 크게 늘어;16개 작품 촬영 중·완료,O LOC-B O LOC-B O O O O O O O O O O
"푸틴 "" 크림반도 합병 때 核무기 준비했었다""",PER-B O LOC-B O O O O
朴 경정 “檢조사 당당하게 임할 것”,PER-B O O O O O
판교 백현마을 임대주택 일반분양 논란,LOC-B LOC-B O O O
"여기는 맨유 아닌 미국 축구장… MLS(Major League Soccer), 美 스포츠 뒤흔들다",O O O LOC-B O O O O LOC-B O O
[ 서울 보다 행복한 지방 强小도시들] (10·끝) 변화 속 전통 숨쉬는 전주,O LOC-B O O O O O O O O O LOC-B
하회마을 엔 뮤지컬 ‘두둥실’,LOC-B O O O
"[ 수도권 ]서울시, 어린이 치과주치의제 도입",O LOC-B O ISSUE-B ISSUE-I O
‘지하경제 양성화’ 시작부터 꼬이나,O O O O
"“자취할 돈 없어 먼거리 통학하는데…” 대학생들, 경기도 버스요금 인상안에 반발",O O O O O O LOC-B O O O
애플 ‘밀어서 잠금해제’ 미국 특허 획득,O O O LOC-B O O
‘현존 가장 오래된 먹조각’ 보물 됐다,O O O O O O
[World Topics] 트림·방귀 확 줄인 친환경 '미니 소' 인기,O O O O O O O O O
[아침 햇발] 준국책사업 종편 미스터리 / 정영무,O O O O O O PER-B
국산 과자 ‘사면초가’… 가격인상-과대포장으로 신뢰 잃은 사이 위기에 몰려,O O O O O O O O O
"프로 바둑기사 이긴 인공지능 컴퓨터, 이세돌 과 격돌",O O O ISSUE-B O PER-B O O
"[창간 95 특집] 공무원年金 개혁 찬성이 57%, 반대의 두배",O O O O O O O O O
"사용후핵연료 기술, 공론화 과정 거친다",O O O O O
33년간 벼려온 ‘무채색 자연’,O O O O
방산 비리 수사 받던 前해군 소장 한강 투신,O O O O O ORG-B LOC-B O
아픈 현대사 씻겨내리는 제주 여성의 삶,O O O LOC-B O O
삼천리 외국인 2대주주 지분 5.77% 매각 왜?,O O O O O O O
"에이스 중의 에이스, 해커 !",O O O PER-B O
“원자력 방호법 처리 안돼 유감”… 박 대통령 뒤늦게 국회 탓,O O O O O PER-B O O O O
신기록 제조기' 아바타 1000억원 매출 올리나;주말에 관객 1000만 돌파 세계기록도 '타이타닉' 깰듯,O O O O O O O O O O O O
작년 SK 영업이익 36% ‘껑충’… 증가율 1위,O O O O O O O
日 ‘이웃국 배려’ 교과서 기준도 수정 나서,LOC-B O O O O O O
‘광’내고 다듬은 ‘종’횡무진 패스,O O O O
파업 기자들의 ‘MBC 제대로 뉴스’가 떴다,O O O O O O
볼트 ‘ 올해의 육상선수 ’ 4번째 수상,PER-B O ISSUE-B ISSUE-I O O O
올 공동주택 공시가격 3.1% 올랐다,O O O O O
아프간 카불 서 자살테러로 17명 사망,LOC-B LOC-B O O O O
독감백신 접종 2명 중태,ISSUE-B O O O
"세번째 ‘분노의 주말’… 경기교육청, 중고생 참여 독려 논란",O O O O O O O O
클래식 공연장 무대에 배우가 왜?,O O O O O
GS칼텍스 회장 에 허진수,O ORG-B O PER-B
[ 김지현 기자의 2014 CES 현장]두근두근 家電 비밀병기… 올해의 주인공도 삼성-LG,O PER-B O O ISSUE-B O O O O O O
그들이 뛰면 팬들의 심장도 뛴다,O O O O O
[ 소치 ]시상대 맨 위에 여성 동성애자,O LOC-B O O O O O
엔지니어와 ‘격려문화’가 2차대전 승패 갈랐다,O O ISSUE-B O O
바나나·초콜릿·떡 정도는 골프장에 들여올 수 있다 공정거래위원회,O O O O O O O
"조선일보, 총선연대에 배상책임 없다 판결;2004년 '정부 돈 받고 낙선운동' 본보 보도와 관련",O O O O O O O O O O O O
"위기의 모비스, 동부산성 넘다",O O O O
바르셀로나 테러 용의자 사살…은신처에선 가스통 120개 발견,LOC-B O O O O O O
“당장 이사갈 수도 없고…” /초고층아파트 주민들 불안,O O O O O O O
이상훈 교수 ‘이데올로기 선택’ 아닌 집권당 실정 심판 의미,PER-B O O O O O O O O
중국 수익성·성장성에서 이미 한국 추월,LOC-B O O LOC-B O
노무현 전 대통령 서거 2돌 심포지엄 “야권연대만이 희망이다”,PER-B O ORG-B O O O O O
조윤희 · 이정은 공동선두;신세계배 골프 2R… KLPGA 역대 컷 최소타수,PER-B O PER-B O O O ISSUE-B O O O
여성폭력피해 쉼터 이용자 정보 /‘정부 전산망 5년 보관’ 갈등 지속,O O O O O O O O O O
그대들을 오래도록 기억하겠습니다 /천안함 수병 들 바다에서 하늘로 ‘통한의 귀환’,O O O O ORG-B O O O O O
아이디어 금융상품 봇물 /<우리U모임통장> 모임 회비관리 쉽고 편하게…< IBK스타일플러스 카드> 일촌들 결제금 합산 캐시백…,O O O O O O O O O O O O O O
"朴 ( 朴 대통령 ) ""삼위일체(黨·政·靑) 돼달라"" 金 ( 김무성 대표 ) ""뒷받침 못해 죄송""",PER-B O PER-B ORG-B O O O PER-B O PER-B ORG-B O O O O
"광장의 봄, 내 삶에도 볕 들어야 진짜",O O O O O O O
[횡설수설/ 정성희 ] 美 언론계 강타한 ‘미투’,O PER-B O LOC-B O O O
[펀드 따라잡기] 게걸음 증시 속 '큰손'들이 찾는 ' 오토시스템매매펀드 ',O O O O O O O O ISSUE-B O
"[ 남아공 월드컵 100일 앞으로] [한국이 속한 B조 최강팀 '아르헨티나' 현지 취재] (1) "" 16강 ?… 우리는 우승만 생각한다""",O ISSUE-B ISSUE-I O O O O O O O O O O O ISSUE-B O O O O
[수도권Ⅱ] 상조업체 소비자 피해 급증;계약해지 안되고 폐업까지,O O O O O O O
"민주노총 “노동부, ILO서 한국 정책 호평했다고 왜곡·홍보”",O O O LOC-B O O O
[추억人] '영국판 쉰들러 리스트' 니컬러스 윈턴 卿,O O O O PER-B PER-I PER-I
"[QS 2013 세계대학평가] 카이스트·서울대, 이공계 분야 상위권… 논문 인용 순위에선 광주과기원이 6위",O O O O O O O O O O O O
"아이스크림­과자값, 작년 6월수준 동결",O O O O
"[신나는 공부]고려대 미디어스쿨 2기 수료식 “언론인의 꿈, 가슴에 새겼습니다”",O O O O O O O O O
"“ 박 대통령 올케 서향희 , 철거왕 이금열 사건 에 개입”",O PER-B ORG-B O PER-B O PER-B ISSUE-B ISSUE-I O O
"성원건설, 법정관리 신청서 제출",O O O O
[단독] ‘비선보고’ 추명호 공소장에 우병우 · 최윤수 ‘공범’ 적시,O O PER-B O PER-B O PER-B O O
"민노총, 2006년엔 “해고대란 온다” → 지금은 “대란 없다”",O O O O O O O O
[아침 햇발] 한반도 운전자 되기의 어려움,O O LOC-B O O O
"한미약품 '株價 홈런'… 시총 17兆(한미약품 · 한미사이언스), 포스코 앞질러",O O O O O O O O O
"동반성장정책 글로벌 경쟁력 약화 위험”	O O O O O
[ 대선 팩트 체크] (2) MB · 朴 정부가 北지원 더 많이 했다는데…	O ISSUE-B O O O PER-B O PER-B O O O O O
한국 축구에 ‘판타지스타’가 나타났다	LOC-B O O O
“여성은 술의 필수 동반자”… 안경환 , 과거 ‘여성비하 표현’ 논란	O O O O PER-B O O O O O
기업형 수퍼와 경쟁"" 동네 수퍼도 체인화한다;정부, 시설자금 직접 지원 공동 구매로 가격 낮추고 직원들 유니폼도 갖추기로",O O O O O O O O O O O O O O O O
활짝 열린 中 색조화장품 시장,O O LOC-B O O
"“月2회 휴업, 영업자유 침해 아냐… 골목상권 보호-상생 공익 크다”",O O O O O O O O O
중도금 대출 금리 年5% 육박… 서민은 운다,O O O O O O O
“ 6·25전쟁 의 참상 생생히 그려 韓 - 美 에 잊혀진 전쟁 환기시킬 것”,O ISSUE-B O O O O LOC-B O LOC-B O O O O O
오늘밤도 여전히 ‘그것’에 빠지셨습니까,O O O O
육아품앗이·노인돌봄…보폭 넓히는 ‘생협 복지’,O O O O
"동부, 4년만에 정규리그 정상 탈환",O O O O O
영진위 위원 에 이창동 前 장관 ( 노무현 정부 첫 문화부 장관 ) 동생… 문화계 권력이동 신호탄?,O ORG-B O PER-B O ORG-B O PER-B O O O ORG-B O O O O O
[ 수도권 Ⅰ] 부천 소사~안산 원시 복선전철 내년 착공;2016년 완공 목표,O LOC-B O O O O O O O O O
11일부터 1주택자도 디딤돌대출 가능… 2015년말까지 1조 풀어 집 넓혀갈때 지원,O O O O O O O O O O
배 아무개(30)씨는 지난여름 어묵조림을 강화유리 그릇에 담다 그릇이 폭발하는 사고를 겪었다.,PER-B O O O O O O O O O O
엘리엇이 바꿔놓은 삼성 신수종 사업 전망,O O O O O O
무선 인터넷 서비스경쟁 하늘서 붙었다,O O O O O
"CJ, 수사 본격화되자 몸 낮추나?… 계열사 일부 방송 프로 결방·연기",O O O O O O O O O O
기고자: 日 민주당도 몬주 고속증식로(핵무기 전용 가능한 플루토늄 생산) 유지 시사,O O O O O O O O O O O
협동조합도 사회적기업 된다,O O O
"방통위 핵심기능 안 넘기려는 민주당, '발목잡기' 시선에 곤혹",O O O O O O O O
10년이상 탄 차 바꿀때 세금70% 감면,O O O O O O
"佛 대통령 , 161년 만에 의회 연설; 나폴레옹 3세 이후 국가원수 론 처음… 야당 ""제왕적 이미지 강화"" 참석 거부",LOC-B ORG-B O O O O O PER-B O O ORG-B O O O O O O O O
"바이올린 여제 정경화 , 55년만에 이룬 ‘ 바흐 의 꿈’",O O PER-B O O O O PER-B O O
선생님에 욕설·성희롱·폭행… 올 1학기 학생징계 1800건,O O O O O O
"태극마크 제공, 출전수당 보장, 브라질 동행… ‘수비 급구’",O O O O LOC-B O O O
슈틸리케호 골문은 ‘철벽’,O O O
[경제 카페]‘LG유플러스 조사 불응’ 놓고 내분 일어난 방통위,O O O O O O O O
"역전, 또 역전…태권도가 흥미진진해졌네",O O O O
"[단독]“무기중개상, 최윤희 아들에 2억 주기로 약속”",O PER-B O O O O
10대 광고사 취급액 2년만에 반등… 2015년 12조2298억,O O O O O O O
국제유가 ‘뚝뚝’…속타는 러 · 이란 · 베네수엘라 …,O O LOC-B O LOC-B O LOC-B O
“남북 고위급 접촉 성사땐 납북자-국군포로 다룰 것”,O O O O O O O
[휴지통]사귀던 노래방 도우미 변심하자 “불법영업” 98차례 허위신고,O O O O O O O
"[단독] 삼성웰스토리 민주노조, 조합원 다수노조 지위 확보",O O O O O O O
"홍콩 ""남은 세금 1인당 87만원씩 돌려드립니다""",LOC-B O O O O O
야당은 안중에 없이…“내 길 망설임 없이 가겠다” 거침없는 아베 의 ‘일방통행’,O O O O O O O O PER-B O O
"[글로벌 콕콕] 美 , 파키스탄 과 핵 협정 체결 검토 외",O O LOC-B O LOC-B O O O O O O
화학업종 2분기도 먹구름… 목표주가 잇단 하향,O O O O O O
"버스에 교통 단속용 카메라 달았더니… ""효과 만점""",O O O O O O O
[ 광복 70년… 물건의 추억](13) '특수층 전유물' 같던 초기 삐삐… '신분 사칭범'들마다 허리에 차,O ISSUE-B O O O O O O O O O O O O
주룽지 前 총리 인기 끌자… 中 정부 인터넷 통제,PER-B O ORG-B O O LOC-B O O O
파주 농민들 ‘임진강생명평화축제’ 연다,LOC-B O O O
이라크 美軍… 7년5개월만에 전투임무 종료,LOC-B O O O O
"국토부·LH 합동 워크숍에서 무슨 일이… ""보금자리주택 더 지어라"" 정부 주문에 이지송 사장 , 돌부처처럼 5시간 침묵",O O O O O O O O O O PER-B ORG-B O O O O
"[ 수도권 ] 서울 , 설 연휴 고속-시외버스 32% 증편",O LOC-B O LOC-B O O O O O O
영국 개혁했던 캐머런 前 총리 등 美 · 英 · 日 전직 수반 들 한자리에,LOC-B O PER-B O ORG-B O LOC-B O LOC-B O LOC-B O ORG-B O O
대만 기업 폭스콘 ‘꼬리무는 자살’,LOC-B O O O O
정부 “총리실 주도 4대강 재검증”…감사원 “심각한 사태”,O O O ISSUE-B O O O
“ 北 SLBM 발사 준비 징후 포착”,O LOC-B O O O O O
"北 , 수도권 GPS 신호 교란",LOC-B O LOC-B O O O
"지난번 검찰총장 유력후보…“발 넓어” 위태 지적도 김 차관 부친, 박정희 시절 육군 대령 … 월남전 참전",O ORG-B O O O O PER-B ORG-B O PER-B O O ORG-B O ISSUE-B O
포스코의 中 공략 전초기지 ‘장가항포항불수강’ 새로운 도전 직면,O LOC-B O O O O O O
"매킬로이 , 파혼충격 사흘 뒤 우승감격",PER-B O O O O O
"軍, 공격용 헬기부대 전력 보강 美 , 駐韓아파치부대 곧 철수",O O O O O LOC-B O O O O
[단독]‘먹통 위성’ 국민 속인 미래부,O O O O O
"김성주 “여성·젊은이 취업난, 수동적 자세가 문제”",PER-B O O O O O
저축은행 PF채권 또 공적자금(1조9000억원 규모) 투입,O O O O O O
日 반대 딛고 美 에 2번째 소녀상 제막,LOC-B O O LOC-B O O O O
청약통장 ‘주택청약종합저축’으로 일원화,O O O
"양띠 지소연 ""올해는 나의 해""",O PER-B O O O
靑 “ 박근혜 정부 국정농단 문건 등 300건 발견”,O O PER-B O O O O O O
노르웨이 정부청사 인근서 폭탄테러 수십명 사상,LOC-B O O O O O
"초등 방과후 영어, 유지냐 폐지냐",O O O O O
틈새공략 2G폰_기존번호는 그대로 쓰고 기능은 스마트폰 못지않네,O O O O O O O
수억원 내고도 60살미만 입주불가…‘실버주택’ 시끌시끌,O O O O O
"‘ 김문수 119통화’ 녹음파일 소방관들에 전송소방본부, 파문 일자 삭제 지시",O PER-B O O O O O O O O
고령사회' 1년 일찍 왔다,O O O O
"[단독]정유소-주유소, 기름 사재기 ‘네탓’ 공방 진실은…",O O O O O O
기부가 홈런보다 짜릿하네요,O O O
좀도둑에 2억 뜯은 보안요원 … 그 뒤엔 홈플러스,O O O ORG-B O O O O
"홍준표 , 18일 대구 서문시장 서 대선 출마 선언",PER-B O O LOC-B LOC-B O ISSUE-B O O
정명훈 獨현지서 13년만에 베를린 필 지휘봉,PER-B O O O O O
당신의 ‘끼’를 공인점수로 매겨요,O O O O
의료관광특구 조성 ‘군불 때기’,O O O O
‘일 좀 하자!’…시도 때도 없는 ‘광고 전화’ 막는 방법,O O O O O O O O O
“석달 뒤 첫 손주 본다며 손꼽아 기다리시더니…”,O O O O O O O
정몽규 회장 'FIFA 최고기구' 평의회 위원 눈앞,PER-B ORG-B O O O ORG-B O
“결혼 허락해달라” 애인 집서 인질극,O O O O O
"시리아 분단되나…반군, 북부점령지역에 정부 세우기로",LOC-B O O O O
[휴지통]성남시 ‘ 트위터 의사당’?,O O ISSUE-B O
구로 공사현장 화재로 11명 死傷… 용접하다 引火물질에 불 붙은 듯,O O O O O O O O O O
불꽃타 이승엽 … 철벽투 오승환 … 사자는 강했다,O PER-B O O PER-B O O O
"“ 인공지능 ·로봇 개발법인 내년초 설립” 네이버, 구글·애플과 기술경쟁 선언",O ISSUE-B O O O O O O O O
절망적 재앙 앞에서 더 강인해진 가족애,O O O O O O
“ 韓日 관계 최악 벗어나… 위안부 문제 해결에 미래 달려”,O LOC-B O O O O O O O O
남경필 제주도 땅투기 논란,PER-B LOC-B O O
"6명 중 1명 빈곤층… 美 , 해마다 더 가난해진다",O O O O LOC-B O O O O
좌파 정부의 힘?,O O O
"“국제결혼, 정부가 엄격히 관리… 한국어 능력 갖추도록 규제를”",O O O O O O O O
"무개차 등장에 “비바, 파파” 연호… 교황 8번 멈춰 축복",O O O O O O O O O
3분간 70여명 구한 승객 2명의 한마디 외침… “탈출하자”,O O O O O O O O
[사건 인사이드] 大檢 CSI 문서감정실이 말하는 위조 세계,O O O O O O O O
[이제는 공존이다]롯데그룹 - ‘협력업체 성장이 곧 경쟁력’… 매달 협력사 직원 300여명 교육,O O O O O O O O O O O O
[ 조용헌 살롱] (1075) 自己執筆能力,O PER-B O O O
"靑 “ 최순실 의혹, 근거없는 정치공세”",O O PER-B O O O
"최문기 , 자녀에 9억원 불법증여 의혹",PER-B O O O O O
국방부 신검규칙 개정안;눈 나빠도 교정 가능하면 현역병으로 입대,O O O O O O O O
[만물상] 1918년 한국 의 스페인독감,O O LOC-B O ISSUE-B
檢 “ 유우성 씨 北에 노트북 보낸 새 증거 확보”,O O PER-B O O O O O O O
명절 되면 속이 터져서… 추석이 낀 달에 화병 환자 가장 많다,O O O O O O O ISSUE-B O O O
불법학습장으로 장사하는 대학들;KBS2 '추적 60분',O O O O O
무시무시한 박병호 도 무시 못하는 천적들,O PER-B O O O O
[달라도 다함께/2부]<5·끝> “ 한국 의 다문화 어떻게”… 정책-대안토론회 열려,O O O LOC-B O O O O O
조국 의 ‘검증 이중잣대’ 2탄,PER-B O O O O
"북 , 고강도 국제제재 맞서 ‘핵폭주’",LOC-B O O O O O
중국 내 한국영화 불법 이용률 41%… 태국 선 무려 95% 달해,LOC-B O O O O O LOC-B O O O O
"한국 축구, 힘은 좋아졌는데…; 호주戰 운동량 유럽팀에 안 뒤져… 패스 적어 여전히 느릿느릿한 느낌",O O O O ISSUE-B O O O O O O O O O
"“위안부 할머니- 오바마 만남 주선 노력… 朴 대통령, 아베 만나는 것 자체가 압박”",O O PER-B O O O PER-B O O O O O O
"에스케이, 또 하나의 ‘떡잎’ 발견",O O O O O
"檢 "" 박기춘 의원 건설비자금 증거인멸 정황""",O O PER-B ORG-B O O O
살바토레 페라가모 '핑크 컬렉션' 선보여,O O O O O
"[北 무단방류 ' 임진강 참변'] ""방류 직전 水位, 평소보다 안 높았는데 왜?"";전문가들 '北 주장' 비판 ""北, 댐 수위 조절하려면 조금씩 흘려도 충분한데 갑자기 수문 열어 피해""",O O O LOC-B O O O O O O O O O O O O O O O O O O O O O O
"삼성 수뇌부 ‘동시 영장’ 검토…특검, 뇌물입증 승부수",O O O O O O O
"KT, 영업지사에 ‘책임경영제’ 도입 “수익확대책” “인력감축 수순” 논란",O O O O O O O O
첫 민주화운동 3·15 …50년만에 ‘제 대접’,O O ISSUE-B O O O
[ 광저우 아시안게임 ] '태권 소년'도 金 호령;첫 고교생 대표 이대훈 63㎏급서 泰 선수 물리쳐,O ISSUE-B ISSUE-I O O O O O O O PER-B O LOC-B O O
[ 충북 ] 유네스코 직지상 상장… 전통한지-비단으로 제작,O LOC-B O ISSUE-B ISSUE-I O O O
"필립스, LG디스플레이 지분 전량 매각",O O O O O
새달부터 서울 대학병원서도 간호·간병 통합서비스,O LOC-B O O O
"시퀘스터로 교통 예산 삭감… 美 , 붕괴위험 다리 8000개 방치",O O O O LOC-B O O O O O
‘수포자’ 없는 교실 위해… 교사 외 강사 한명 더 둔다,O O O O O O O O O O
‘ 서울시 도시재생지원센터’ 문 열어,O LOC-B O O O
스승의 날 '작은 선물'도 거절한 담임선생님 ;현직 교사인 학부모가 본 '교원평가 시범학교',O O O O O ORG-B O O O O O O
지하주차장서 화물 싣고 내리라니…,O O O O
"제4이통, 中企 젖줄 될까",O O O O
[만물상] 클림베 보고서,O PER-B O
[ 수도권 ] 한강 에 모래톱 - 생태숲 되살린다,O LOC-B O LOC-B O O O O O
"버림받은 소년, NBA 스타로",O O O O
[ 충청 ] [문화나들이 어디로 할까] 청주문화원 오케스트라,O LOC-B O O O O O O
근무시간보다 성과로 평가한다는 일본 … 성과연봉제 없애는 한국,O O O LOC-B O ISSUE-B O LOC-B
“軍면제자에 세금 물려 병역갈등 풀어야”… 병역세 공론화,O O O O O ISSUE-B O
"[신나는 공부/School Diary]영화·공연·찾아가는 서비스… 지방대, 수험생 마음 잡아라!",O O O O O O O O
[21세기 한국 건축가 나의 건축을 말한다] 김인철 교수의 중앙대 도서관 리모델링,O LOC-B O O O O PER-B O O O O
판교 중대형 분양가 3.3㎡당 1500만원대…,LOC-B O O O O
"‘슈퍼소닉’ 이대형 , 연장전의 사나이… 이틀 연속 결승점-끝내기타",O PER-B O O O O O O
"[2014 국가소비자중심브랜드대상 ]우수한 품질+스포츠 마케팅, 글로벌 톱 10 진입위한 원동력",O ISSUE-B O O O O O O O O
“과학자들의 귀국-외국기관과 교류… 노벨상 배출하려면 반드시 필요”,O O O ISSUE-B O O O
“죄책감-책임감이 뭐야” 답없는 사늘한 미소,O O O O O
"시어머니 ""침침한 눈으로 보냈더니…"" 며느리 ""헐~ 또 왔네""",O O O O O O O O
"한나라 연찬회, 말만 꺼내본 ‘감세 유예’",O O O O O O
"[ 윤승옥 기자의 야구&]관중석의 회장 님, 감독석의 회장 님",O PER-B O O ORG-B O O ORG-B O
[책의 향기]“취학前 아이들은 도서관 데려가지 말라”,O O O O O O
"‘14연패 패닉’ KIA, 1년새 무슨 일이…",O O O O O O
"전인범 前 특전사령관 , 文 캠프 합류하자 시끌",PER-B O ORG-B O PER-B O O O
"실종자 얼굴 알아보고, 비명도 감지 똑똑한 CCTV 내년 상반기 도입키로",O O O O O O O O O O
유럽 - 중국 ‘항공기 온실가스 배출’ 충돌,LOC-B O LOC-B O O O O
"SKT ‘불통 쥐꼬리 보상’ 반발 이용자들, 집단분쟁조정 신청키로",O O O O O O O O
"공정위, 대기업 브랜드 수수료 실태조사",O O O O O
2:9 → 4:9 → 5:9 → 11:9 … '의지'의 두산,O O O O O O O O O O
‘금리 3.36%’ 주택대출상품 나왔다,O O O O
"KB금융, ING생명 인수 끝내 무산",O O O O O
4.9cm에 울고웃은 시즌 장타왕,O O O O
“ 진경준 들었다”vs“말한 적 없다”…검찰의 선택은?,O PER-B O O O O
[책의 향기] 9·19공동성명 이끌어낸 前 미 대사 의 협상법,O O ISSUE-B O O LOC-B ORG-B O O
[NEWS&VIEW] 경제 살리기 예산… 내년 20兆(2009년 글로벌 금융위기 이후 최대폭) 더 푼다,O O O O O O O O O O O O
"경빙, 들어보셨나요?",O O
김한길 “ 대선 승리 앞장서기 위해 돌아왔다”,PER-B O ISSUE-B O O O O
“시청률 높으면… 관객 많으면…” 연예계 ‘공약’ 봇물,O O O O O O O
아리랑TV ‘한류’ 싣고 미국 지상파 진출,O O O LOC-B O O
靑 “구조조정 위해 선별적 양적완화”,O O O O O
"미국 , 허리케인 원투펀치에 295조원 피해",LOC-B O O O O O
"새먼드 , 지고도 이겼다… 캐머론 , 이기고도 졌다",PER-B O O O PER-B O O O
[Why?가 간다] 요코하마 오삼바시 ;숨가빴던 일본 의 근대를 만나다,O O LOC-B LOC-B O LOC-B O O O
외신들 “아이들 손잡고 평화시위 인상적”,O O O O O
비키니섬 · 체르노빌 · 후쿠시마 …피폭자 6명 ‘피해 증언’ 방한,LOC-B O LOC-B O LOC-B O O O O O
 태극기 집회 주도' 김경재 자유총연맹 총재 압수수색,O ISSUE-B ISSUE-I O PER-B O ORG-B O
[새 영화] 왓치맨;잘 만들어진 최악의 저질 영화?,O O O O O O O
아 · 태 27개국 YMCA ‘한반도 평화협정 체결’ 캠페인 나선다,LOC-B O LOC-B O O O O O O O
강호 보인·매탄고 접전끝 16강,O O O ISSUE-B
"일 자위대, 남수단 에 장기파병 결정",LOC-B O LOC-B O O O
"[일자리가 뜬다] 마이크로 크레디트 창업 성공기;""썩힐 뻔한 낙엽무늬 조명·순무김치 아이템 살렸죠""",O O O O O O O O O O O
정부·기업 고통분담 없이 임금삭감 압박만,O O O O O
20세기 걸작 만화 ‘아키라’ 국내 첫 정식 발매,O O O O O O O O
"김정은 이 추진 중인 경제개혁, 北기득권층 반발에 오락가락",PER-B O O O O O O O
"커리어 그랜드슬램, 11년만에 나오나",O O O O
“월급이 필요해요”… 분당 아파트에 ‘경비원 호소문’ 붙은 사연,O O LOC-B O O O O O
코스피 사상 최고치 향해 비상,O O O O O
[ 충북 ] 충북 괴산 에 기숙형 중학교… 6학급 규모 2012년 개교,O LOC-B O LOC-B LOC-B O O O O O O O
"오만 뚫어라, 슈틸리케 웃게한 이 드리블로",O O PER-B O O O
공정위가 ‘하도급 반칙왕’ 3년만에 발표한 이유?,O O O O O O
한국 의 중소SW 3社 “기술 - 의지- 아이디어 3박자로 日 의 ‘SW= 美 ’ 편견 깼죠”,LOC-B O O O O O O O O LOC-B O O LOC-B O O O
[현장 마이스터] 코리아나화장품 이강태 신소재연구팀장 ;화장품 원료 찾아 오늘도 산에 오른다,O O O PER-B ORG-B O O O O O O
"中, 사거리 3000㎞ '항모 킬러' 미사일(둥펑-21D) 배치… 日 미군기지까지 사정권",O O O O O O O LOC-B O O
"인천 층간소음 방화, 샌드백 치는 소리가 발단",LOC-B O O O O O O
"[ 강원 ] 공공기관 이전, '인력 배치' 논란",O LOC-B O O O O O O
기초수급자 빚 70%까지 탕감 학자금 대출상환 취업 이후로,O O O O O O O O
점유율 50% 선언…SKT 자충수 됐다,O O O O O
[신나는 공부]학생부종합전형 합격자들의 생생한 ‘셀프 분석’,O O O O O O
"별들의 행진… 숨막히는 레드 카펫, 앞으로 1주일… 부산 은 영화",O O O O O O O LOC-B O O
[청년취업 10000명] 노동부 사이트 ' 워크넷 ' 本紙 취업 캠페인 동참,O O O O O ISSUE-B O O O O O
 대통령 이 애원하는 法은 묶고 졸속 면세점法은 1분만에 통과,O ORG-B O O O O O O O O
[아파트 미리보기] 김포 한강신도시 ‘우미 린’,O O LOC-B LOC-B O O
화재취약 하회마을 … 시뮬레이션 결과 최대 100동 소실될수도,O LOC-B O O O O O O
"삼성, 세계 처음 4Gb D램 양산",O O O O O O
“ 인천자유구역 신축주택도 분양가상한제 적용 말아야”,O LOC-B O ISSUE-B O O
"[ 인천아시아경기 ] 한국 우먼파워, 이번에도 거셌네",O ISSUE-B O LOC-B O O O
코레일 “모터감속기 결함”… KTX-산천 첫 리콜 요청,O O O O O O O
"삼성, 1월 갤노트7 충전율 추가제한 검토…소비자 반발",O O O O O O O
"朴 대통령 만난 반기문 ""訪北 다시 추진하겠다""",PER-B O O O O O O
"SKT, 스미싱·스팸 막는 ‘ T 전화 ’ 상용화",O O O O ISSUE-B ISSUE-I O O
"[ Job World ] [中企 취업포털 잡월드 ] 취업 2만명 달성… 3만, 5만명까지 계속 뽑습니다;등록 일자리 3만6000개 '봇물' 4050 중·장년들도 구직 도전",O ISSUE-B ISSUE-I O O O ISSUE-B O O O O O O O O O O O O O O O
"[뛰자! 한국 기업]금호석유화학, ‘S-SBR’ 핵심제품 육성… 세계 일등 20개 만들기",O LOC-B O O O O O O O O
‘ 싸이 테마주’ 말춤에 개미만 낙상,O PER-B O O O O
음주운전-벌점초과 등으로 작년 버스기사 408명 면허취소,O O O O O O
‘빠른 추격자’ 삼성의 느린 변신…최대 문제는?,O O O O O O
"박 대통령 , 규제개혁회의 돌연 연기",PER-B ORG-B O O O O
[ 울산 ] 전국장수축구대회 13~14일,O LOC-B O ISSUE-B O
[ 대구 · 경북 ] 동구장학회 3540만원 지급,O LOC-B O LOC-B O O O O
"사라지는 옛길, 보존할 길 없나",O O O O O
천주교 주교회의 / 4대강사업 반대,O O O ISSUE-B O
"이스라엘 국방장관 , 10년 만에 중국 방문",LOC-B ORG-B O O O LOC-B O
‘ 이건희 회장 동영상’ CJ 부장 이 촬영 지시,O PER-B ORG-B O O ORG-B O O O
현대오일뱅크-롯데케미칼 합작 ‘현대케미칼’ 출범,O O O O
9살 윤정이 노래에 깜짝… 트로트로 휩쓸줄 알았죠; 기획사 대표 홍익선 과 가수 장윤정 의 기이한 인연,O PER-B O O O O O ORG-B ORG-I PER-B O O PER-B O O O
"후계자 단독 출마, 97% 찬성'은 북한 과 시리아 뿐;'3代 세습' 북한 통해 본 '세습 독재' 7개국 연구",O O O O O LOC-B O LOC-B O O LOC-B O O O O O O
"1단계 공원, 베를린 마우어파크 벤치마킹",O O LOC-B LOC-B O
“청와대 들어온 뒤 가족 간 교류마저 끊었다”,O O O O O O O
"영화 '색, 계' 보듯, 아슬아슬한 오페라",O O O O O O
“3차원 보자” 검은안경 행렬…안방점령 예고,O O O O O
[책의 향기/글로벌 북 카페] 중국 前 외교부장 리자오싱 의 ‘이루 다 말할 수 없는 외교’,O O O O LOC-B O ORG-B PER-B O O O O O O O
대처리즘 의 허구성 신랄한 비판,ISSUE-B O O O O
"김준규 총장 , 임기 50일 남겨놓고 사퇴로 가닥",PER-B ORG-B O O O O O O
"[ 수도권 Ⅲ] 용인경전철 개통지연, 국제중재로 판가름",O LOC-B O O O O O
웰다잉법 통과 숨은주역 3인방,ISSUE-B O O O
불심검문 거부하고 신고하면 경찰에 강제 연행?,O O O O O O
[ 클림트 의 ‘ 황금빛 유혹 ’ 특별전]남자 누드,O PER-B O O ISSUE-B ISSUE-I O O O
"[ 동남권 교통혁명 Ⅱ]“와, 저기 진짜 고래다~”",O LOC-B O O O O O
재미작가 김지원 1주기 맞아 ‘소설 선집’ 총 3권 출간,O PER-B O O O O O O O
마지막 나무가 사라지고 난 뒤에야,O O O O O
87년 대선이후 첫 ‘보수 총결집’…‘진보’는 아직 느슨,O O O O O O O
새누리 ‘ 김무성 권력자 발언’ 놓고 충돌 계속,O O PER-B O O O O O
김종인 탈당계…‘반문 개헌연대’ 다시 점화,PER-B O O O O
‘짠물 피칭’ 확 달라진 KIA 불펜,O O O O O O
"영어공용화 앞둔 日 회사, 식당메뉴도 영어로",O O LOC-B O O O
기업 접대비 10조원 육박…유흥업소에서만 1조원 ‘펑펑’,O O O O O O
[이슈&트렌드/장선희]영화가 시시해진 이유,O O O
17조~19조 追更 추진,O O O
[ 제주 · 서울 ] 2012년까지 제주국제공항 여객청사 리모델링,O LOC-B O LOC-B O O LOC-B O O
“잔디밭에 고추 심은게 창조경제인가”,O O O O
대학병원 신생아 중환아실 간호사 결핵 날벼락,O O O O ISSUE-B O
"퇴직자·노인 2496명, 다단계에 털렸다",O O O O
"작가 M, V, H, W의 이름으로 문단 금기에 도전",O O O O O O O O O
[지구촌 이모저모] 나폴레옹 영어는 정복못해… 공책 등 경매 外,O O PER-B O O O O O O
"15개국 참가 PSI 훈련 ( 대량살상무기확산방지구상 ), 13일 부산 앞바다서 실시; 천안함 폭침 관련 對北조치… 우리나라 주관으론 첫 훈련",O O ISSUE-B ISSUE-I O ISSUE-B O O LOC-B O O ISSUE-B ISSUE-I O O O O O O
“ 여수엑스포 더 보고 갈래” 아시아 최대 크루즈 출항 늦춰,O ISSUE-B O O O LOC-B O O O O
"中, 우리 정부에 ""사드 기지 시찰하게 해달라""",O O O O O O O
"[건설업계 신성장동력]두산건설, HRSG·메카텍 흡수해 성장기반 마련",O O O O O O
잘 고른 선물 하나… 1년이 편안합니다,O O O O O O
요즘 이분 때문에 극장가 배꼽 빠져요,O O O O O O
"초미니 아파트, 식지 않는 인기",O O O O O
"“ 시진핑 阿방문 수행원, 전용기로 상아 밀수”",O PER-B O O O O O
北 인권 전문가들 서울로 총집결,LOC-B O O O O
"여성 고시생, 월드컵 열리는 해 사시 노려라?",O O ISSUE-B O O ISSUE-B O
[2016 한국 시니어산업 대상 ]건강하고 활력 넘치는 노후 생활,O ISSUE-B ISSUE-I ISSUE-I O O O O O
[ 대구 · 경북 ] EXCO '전시&이벤트 기획 공모전' 수상자 발표,O LOC-B O LOC-B O O O O O O O
"책, 이렇게 야해도 돼?",O O O O
"카타르월드컵 ‘겨울 개최’ 가닥… 유럽 , 강력 반발",ISSUE-B O O O LOC-B O O O
" 원전 올림픽 ' 시작된 경주 , 그 흔한 플래카드도 없네",O ISSUE-B ISSUE-I O O LOC-B O O O O O
북 지원 쌀 내달 25일 출항,LOC-B O O O O O
"“세월호 선원 들, 자신들만 아는 통로로 탈출”",O ORG-B O O O O O
테러방지'도 政爭… 관련法 14년째 낮잠,O O O O O
"청와대, 북 미사일 들먹이며 ‘ 우병우 감싸기’",O LOC-B O O O PER-B O
"해마다 68만명이 아기 낳다 숨져;인구보건전문가 프록터 氏 ""산모 보건에 관심 가져야""",O O O O O PER-B O O O O O
김무성 ‘ 오픈프라이머리 공약’ 난관에 서청원 “정치생명 건다더니 입장 뭔가”,PER-B O ISSUE-B O O PER-B O O O O
‘국민TV’ 개국…“공정한 뉴스 선보일 것”,O O O O O
서울시 “ 지방소비세 교부금 3배 더달라”,O O ISSUE-B O O O
취업시즌 ‘면접 대비’ 이색용품 불티,O O O O O
“스테인드글라스로 한국 의 랜드마크 건물 꾸미고 싶어요”,O LOC-B O O O O O
[@뉴스룸/ 한우신 ]열린 채용과 스펙,O PER-B O O O
서울-전북 무공해 vs 닥공,O O O O
"“야 ×××야, 똑바로 안해?”… 한국 볼링 감독, 아시아경기서 선수 구타",O O O O LOC-B O O O O O
"[No-show 사라진 양심 '예약 부도'] (2부-4) ""예약·위약금 받고, 양심고객은 할인해줘야""",O O O O O O O O O O
[지금이 제철]<63> 전남 고흥 유자,O O LOC-B LOC-B O
"한화그룹으로 소속 바뀌는 삼성맨들, “예상 못해… 일이 손에 안 잡히네요”",O O O O O O O O O O
[신나는 공부]“안하면 불안… 하면 불만”,O O O O O
"李 총리, 방송장악 문건 만든 민주당 관련 ""쓸데없는 짓 했다""",PER-B O O O O O O O O O
"송은범 , 다시 김성근 품으로",PER-B O O PER-B O
런민일보 “ 케리 아시아 순방은 북한 때문이 아니다”,O O PER-B LOC-B O LOC-B O O
국민연금 가입 기간과 연계…여 “수정불가” 야 “수용불가”,ISSUE-B O O O O O O
박근혜 전 대표 “ 언론법 합의처리해야”,PER-B O ORG-B O ISSUE-B O
"한국 , 이란 원유수입 단계 축소 불가피",LOC-B O LOC-B O O O O
‘진료의 기초’ 내과마저 미달…성형외과·피부과로 몰려,O O O O O
"LH, 땅투자 해약해도 ‘원금+이자’ 준다",O O O O O
"서울 클래식 콘서트홀, 시네마테크, 국악당 등 2020년까지 개관",LOC-B O O O O O O O
[@뉴스룸/ 홍석민 ]사회적 기업가 김정현,O PER-B O O PER-B
"미 · 영 정보기관, ‘앵그리 버드’도 털었다",LOC-B O LOC-B O O O O
" 최경주 키즈' 가르치며 배웠다, 부활의 길을",O PER-B O O O O O
[데스크에서] 반기문 의 두 마리 토끼,O PER-B O O O O
90년 전 일본 학자가 찍은 경주 발굴 사진 700장 공개,O O LOC-B O O LOC-B O O O O
고금리 족쇄 푸는 ‘ 바꿔드림론 ’ 문턱 낮춘다,O O O O ISSUE-B O O O
KBS 세월호 편파방송 논란속…여당 ‘수신료 인상’ 기습상정,O ISSUE-B O O O O O
與 “상설특검 필요”… 文 - 安 측 “차기정권서 재수사”,O O O PER-B O PER-B O O O
사람과 유사 ‘돼지 유전체 지도’ 완성,O O O O O O
"[안보리 대북제재 결의 이후]軍 “北, 핵공격땐 지구상서 소멸될 것”",O O O O O O O O O
[휴지통]이웃공장 전기 훔쳐쓰다 들통 ‘양심 감전’,O O O O O O
‘ 인턴 채용 압력 의혹’ 최경환 직권남용혐의 기소,O ORG-B O O O PER-B O O
"‘선거인단 부정’ 광주 동구 , 전략공천은커녕…민주당 ‘무공천’으로 후퇴",O O LOC-B LOC-B O O O O
[아침 햇발] 작전통제권 박탈의 추억 / 박창식,O O O O O O PER-B
서울 야권 단일화땐 한명숙 - 오세훈 격차 8%p로 좁혀져,LOC-B O O PER-B O PER-B O O O
"北, 신형 미사일 3종 공개… 美 압박에 대놓고 'ICBM 시위'",O O O O O O O O O O
"제국의 위안부' 박유하 교수, 명예훼손 무죄",O O PER-B O O O
‘보편적 복지’ 야당에 / MB “포퓰리즘” 비판,O O O O PER-B O O
"익명 세상의 희망, 격려 댓글 동영상 만든 대학생",O O O O O O O O
자살 KAIST 교수 논문 국제학술지 표지논문에,O O O O O O
"“작년 국세 감면율, 법정한도 넘겼다”",O O O O O
"高宗 손녀, 땅 소송 잇단 패소",O O O O O O
재판장 “개-돼지도 이렇게는 안때려”,O O O O
軍 “7월까지 全부대 정밀진단”,O O O O
“여당 기업 감싸기”-“야당 구태 국감”…‘ 총수 증인채택’ 놓고 환노위 파행,O O O O O ORG-B O O O O
"[ 강원 ] 법원, 사북연세병원 가처분 신청 기각",O LOC-B O O O O O O
"중국 ""北과 합작 기업 문 닫아라""",O O O O O O
무용수 6명이 몸으로 쓴 자서전,O O O O O
킹이 된 빈민가 소년,O O O O
예산 429兆' 한밤 국회 통과,O O O O O
"[2017 세계대학평가 ] "" 트럼프 와 브렉시트 , 아시아 대학에겐 기회""",O ISSUE-B O O PER-B O ISSUE-B O LOC-B O O
한나라 親서민 이슈 ‘3탄’은 비정규직,O O O O O
"사드, 주변국이 영향력 행사 안돼",O O O O O
라오스 탈북자 20명 한국 入國,LOC-B O O LOC-B O
빈의 환호 이끌어낸 스물아홉의 '조르조',O O O O O
"[단독] 특별감찰관 이석수 , 우병우 檢에 수사의뢰",O ORG-B PER-B O PER-B O O
"佛 경찰, 15분 간격으로 형제 테러범과 식품점 인질극 진압",LOC-B O O O O O O O O
"“ 런던 올림픽 치안 못 믿겠다” 미, 영국 에 보안요원 1000명 파견",O ISSUE-B ISSUE-I O O O O LOC-B O ORG-B O O
"대림, 필리핀 정유플랜트 20억달러 수주… 동남아 지역 최대규모",O LOC-B O O O LOC-B O O
이번에도 ‘허니문 랠리’?… 기대 부푼 증시,O O O O O O
[유레카] ‘확신’과 ‘신뢰’ / 김이택,O O O O PER-B
"팬택 박병엽 부회장, 경영권 되찾을까;1억6400만주 스톡옵션 받아",O PER-B O O O O O
[ 수도권 I] 시외버스 승차권 신용카드로 결제,O LOC-B O O O O O
유일호 “견위수명 자세로 일해달라”,PER-B O O O
LPG 공급가격 최고 5.9% 인상,O O O O O
"[클래식 ABC] "" 이스라엘 이여 반성하라""",O O O LOC-B O O
[싱크탱크 시각] 꼼수증세와 카멜레온 복지의 조합 / 이창곤,O O O O O O O PER-B
중국 비판 위구르 학자 토흐티 ‘국가분열 혐의’ 기소,LOC-B O O O PER-B O O O
"朴 대통령 ""형식은 내용을 지배""… 北, 판문점 남북 직통 전화 끊어",PER-B O O O O O O O O O O
경남 뺀 영남 시도지사 “ 4대강 중단 없다”,LOC-B O LOC-B ORG-B O ISSUE-B O O
"“사이버 방어는 고유업무” vs “ 美 , CIA 정치관여 엄벌”",O O O O O LOC-B O O O O
"사우디 국왕 ""여성 속옷가게, 남성 점원 퇴출""",LOC-B ORG-B O O O O O
현충원 찾은 이재명 “ 이승만 - 박정희 참배 못해”,LOC-B O PER-B O PER-B O PER-B O O
해외 어학연수가 변한다,O O O
틸러슨 “동맹국 의무 다해야…세컨더리 보이콧 검토”,PER-B O O O O O
열병식 참석 박 대통령 ‘ 북 핵 해결 협력’ 얻어낼까,ISSUE-B O PER-B ORG-B O LOC-B O O O O
"현대건설 매각, 장기 표류하나",O O O O
"美 자동차 빅2, 죽어야 산다?",LOC-B O O O O
‘반독재 투쟁’ 김근태 병마와 투쟁,O O PER-B O O
[휴지통]‘Mr.,O
신입사원 “예상 근무기간 9년”,ORG-B O O O
[ 조용헌 살롱] (1005) 정몽준 과 FIFA,O PER-B O O PER-B O O
학교폭력 가해사실 학생부 남는다,O O O O
“금융사 해킹사고땐 경영진 책임 엄격히 묻겠다”,O O O O O O
"[남북대화 급물살]출구 찾는 北 , 현충일에 대화의 손 내밀다",O O O LOC-B O O O O O
美 뉴저지 '기말시험 폐지' 교육개혁에… 아시아계 반발,LOC-B LOC-B O O O O O
부실우려 중기 1400곳 옥석 가린다,O O O O O
‘ 한국 의 고갱 ’ 자화상엔 눈동자가 없다,O LOC-B O PER-B O O O O
靑이 미는 감사위원 후보라도 중립성 검토한 후에 제청할 것,O O ORG-B O O O O O O
"경차 맞대결 2라운드 , ‘도전과 응전’ 불꽃경쟁",O O ISSUE-B O O O O
[ 대구 / 경북 ]‘ 영천한약장수축제 ’ 내달 1일 개막,O LOC-B O LOC-B O ISSUE-B O O O O
한강 줄기 따라 흐르는 록·재즈,LOC-B O O O O
"민주노총, 성폭력 은폐 시도 /‘지도부 총사퇴’ 요구 거세",O O O O O O O O
북송된 국군포로一家… 南 가족이 국가에 손배소,O O LOC-B O O O
국정원 트위터 글 5만여건 작성 누가?,O ISSUE-B O O O O
상설특검 도입땐 검찰의 권력 절반 잃는 셈,O O O O O O O
"테니스 샛별' 정현 , 세계 100위 보인다",O O PER-B O O O O
[오르락 내리락]2차전지 15조투자 호재… LG화학-삼성SDI 초강세,O O O O O O
우승?,O
"주한 외국대사관들 ""철수·대피 계획 전혀 없다""",O O O O O O
"[잠깐만요!] 4대강 사업 이후 막힌 낙동강 모래 채취… 가격은 천정부지, 불법 모래 유통 우려도",O ISSUE-B ISSUE-I O O LOC-B O O O O O O O O
[aT 창립 50주년] 여인홍 aT 사장 “수요-공급 한 눈에 파악 정보시스템 구축할 터”,O O O PER-B O ORG-B O O O O O O O
‘ 보좌관 7억’ 옥죄어 오는 수사 이상득 “ 총선 불출마”,O ORG-B O O O O PER-B O ISSUE-B O
60대 이상이 ‘최대 유권자’…지난 총선 보다 167만명 늘어,O O O O ISSUE-B O O O
전우애로 뭉친 15명의 멋진 사나이들,O O O O O
인비 불끈… “끝까지 간다”,O O O O
여름철 ‘ 구내염 환자’ 급증… 아이들 입맛 잃으면 의심을,O O ISSUE-B O O O O O O
"[2015 대학가는길]건국대( 서울 캠), 수능 으로 100% 선발하는 가군 모집인원 늘려",O O LOC-B O ISSUE-B O O O O O O
한국 차세대 대표주자 손열음,LOC-B O O PER-B
[기자의 눈]공인의 잘못에 엄격한 日 ‘알몸소동 처리’,O O O O LOC-B O O
"李 대통령, 차기 대통령실장에 맹형규 유력 검토",PER-B O O O O O O
[부동산 캘린더] 수원 이목동 ‘STX칸’ 등 4곳 청약,O O LOC-B LOC-B O O O O
“18살 선거권 채택하라” 국회로 가는 청소년들,O ISSUE-B O O O O
부산저축銀 브로커 인 박태규 송환 협조를,O ORG-B O PER-B O O
"무산 스님 ""나라가 '三毒(탐욕·분노·어리석음) 불' 빠져… 그 불길 잡아야 대권 잡아""",PER-B O O O O O O O O O O
유로파이터쪽 “차기전투기 입찰때 계약위반 안해” 반발,O O O O O O
작년 미스코리아 대회 서 심사위원 매수 뒷돈 줬다,O ISSUE-B ISSUE-I O O O O O
착륙高度 너무 낮아… 2년전 참사( 美 샌프란시스코공항 사고) 되풀이할 뻔,O O O O O LOC-B O O O O
" 김명수 대법원장 후보자, 아파트 다운계약서 써",O PER-B ORG-B O O O O
“ 총장 ·이사회 독주에 기초학문 고사 우려”,O ORG-B O O O O O
19세기에나 일어났을 화재… 실종자 100명 넘어,O O O O O O
‘ 하토야마 개혁’ 미완의 꿈으로,O PER-B O O O
[휴지통]시속 250km… 사패산터널서 ‘공포의 폭주게임’,O O O O O
"흔들리는 청와대… ""좋은 뉴스라곤 배추값 떨어진 것뿐""",O O O O O O O
"[' 성완종 리스트' 파문] ""주머니 메모(與핵심 8인과 돈 액수)는 일도 아니다""… 성완종 X파일 있나",O PER-B O O O O O O O O O PER-B O O
우즈 웁스(oops:이크·감탄사) 입스(yips:샷 실패 불안증세)… 2015 놀라운 골프뉴스 1위,PER-B O O O O O O O O
[ 수도권 ] 경기도 ‘준예산 사태’ 장기화 조짐,O LOC-B O LOC-B O O O O
[횡설수설/ 고미석 ]아시아계 차별하는 ‘대나무 천장’,O PER-B O O O O
[이번주 공모주 청약] 아이씨코리아,O O O O
"‘특검 무산’ 세월호 특조위, 3개월 활동연장",O O O O O O
방신봉 의 ‘댄스’는 승리를 부른다,PER-B O O O O
이석기 · 김재연 의원 자격심사 합의,PER-B O PER-B ORG-B O O
"[100세 쇼크 축복인가 재앙인가] 전문직 93% ""은퇴 후 봉사하고 싶다""고 답하는데…",O O O O O O O O O O O
"美 스피스 도 세계팀 스콧 도 ""이기러 왔다""… 공항서 입씨름 1라운드",LOC-B PER-B O O PER-B O O O O O ISSUE-B
원룸·다세대주택이 전세난 돌파구?,O O O
"한전, 태풍 북상중인데도 밀양 송전탑 공사 강행",O O O LOC-B O O O
나라 안팎 음반·공연 ‘메리 크리스마스!’,O O O O O
우크라이나 ‘돌고래 일병 구하기’,LOC-B O ORG-B O
신세계 2연승… 삼성생명전 3연패 설욕,O O ISSUE-B O O
여성 첫 14좌 완등 한국 이 간다… Oh~ Go!,O O O O LOC-B O O O O
[ 메르스 와의 전쟁] 메르스 고의로 퍼뜨리고 다니면 상해罪에 해당,O ISSUE-B O O ISSUE-B O O O O O
국민의당 ‘ 광주 물갈이’ 임내현 첫 탈락… 천정배 “非 호남 연대 안되면 중대 결심”,O O LOC-B O PER-B O O PER-B O LOC-B O O O O
“사고 직후 90초 동안 탈출명령 없었다”…조종사 대처 논란,O O O O O O O O
한겨울 도심에서 벌 키우는 재미?,O O O O O
내년 직장인 건보료 2.04% 인상…한달 평균 1966원 더 내야,O O ISSUE-B O O O O O O
"한국 , 자살률 OECD 1위… 항우울제 소비는 하위",LOC-B O O O O ISSUE-B O O
"[CAR]스마트폰으로 시동걸고… 음성으로 편의기능 작동… 자동차, 첨단 IT와 만나다",O O O O O O O O O
"이스라엘 , 미국 품 벗어나나 /‘대미의존 벗어나 관계확대 추진’ 외무부 메모 공개",LOC-B O LOC-B O O O O O O O O O
"강남署, 테헤란로 11층 빌딩 통째로 빌려 옮긴다는데…",O O O O O O O
[횡설수설/한기흥]우리의 소원은 전쟁?,O O O
피카소 · 이우환 등 작품 일본 서 수집해 국내에 1만점 기증‘ 한국 미술계 숨은 은인’ 하정웅 씨 에세이 냈다,PER-B O PER-B O O LOC-B O O O O O LOC-B O O O PER-B O O O
시리아 40년 세습정권도 흔들… 동맹국 이란 긴장,LOC-B O O O O LOC-B O
[댓글중계] 촛불 염원 업고 여정에 오른 ‘문재인 호’,O O O O O O O O
부산 과 대구 신공항 두고 사활 건 싸움 왜?,LOC-B O LOC-B O O O O O O
"KT, 협력사도 퇴출;177곳… 내년까지 67곳 더",O O O O O O
교황 또 '사제 性추문' 은폐 의혹;당시 美 신부의 아동 성추행 추기경때 아무 조치 안취해,O O O O O O LOC-B O O O O O O O
"김연아 "" 소치 에서 행복한 마무리 짓겠다""",PER-B O LOC-B O O O O
마지막 밤까지…‘뜨거운 호소’-‘차분한 설득’,O O O O
수당 줄이고 해외연수 보류… 군포시 잡셰어링 동참,O O O O O O O
카이스트 출신 이 남자 /연극판서 사회를 말하다,O O O O O O O
시진핑 위협하는 ‘ 태상왕 장쩌민 ’,PER-B O O ORG-B PER-B O
독립운동가 최능진 선생 64년 만에 명예회복,O PER-B O O O O
“술자리-성접대 강요받았다”,O O
중소기업 5곳중 1곳 ‘현금성 자산’ 반토막,O O O O O O
의원 들의 브레이크 없는 '수퍼甲 횡포',ORG-B O O O O O
수비가 가른 승부… KIA “1승만 더”,O O O O O O
"캔버스 대신 그래픽 디스플레이… 조각상 대신 로봇… 예술과 과학, 경계선상의 실험",O O O O O O O O O O O
"한은, 기준금리 0.5%p 또 인하",O O O O O
‘엘피지 하이브리드차’는 국내용?,O O O
해상 케이블카 타고 돈이 들어온다,O O O O O
조선 화가 220명 한곳에… '청년 정양모 ' 50년 꿈 이루다,O O O O O PER-B O O O O
‘LH 경남 진주로 일괄이전’ 가닥,O LOC-B O O O
교통 나아지면 집값도 나아질까;새 도로·철도 생기면 인근지역 부동산엔 호재,O O O O O O O O O
‘ AI 청정’ 제주 도 뚫렸다…철새 분변서 ‘ 고병원성 ’ 확진,O ISSUE-B O LOC-B O O O O ISSUE-B O O
"[어떻게 생각하십니까] 서울교육청, 체벌 대신해온 상벌점제 없앤다는데…",O O O O O O O
구제역 종식선언 16일만에 또 발생;강화에서 소 양성판정받아 반경 500m내 가축 살처분 포천 구제역 과 혈청 달라,ISSUE-B O O O O O O O O O O LOC-B ISSUE-B O ISSUE-B O
"中, 동남아 에 무기수출 확대… 군사적 영향력 키워",O LOC-B O O O O O O
 영국 은 해체의 길로 가고있다,O LOC-B O O O O
“집 잘 지어놨으니 산에서 내려오면 들러 달라”,O O O O O O O
"초보 외교관' 케네디 , 시험대에",O O PER-B O O
"[세계경제와 '엇박자' 한국 경제] 文 , 공공기관 청년고용 3%→5%로… 安 , 中企취직 청년에 월 50만원(2년간) 지급",O O LOC-B O PER-B O O O O PER-B O O O O O O
"내 배역이 실존 인물?	O O O O
업그레이드 컬러볼… 비거리 쑥쑥 스핀 팍팍	O O O O O O
대표팀 첫 훈련한 문태종 /“태극마크 보면 엄마 생각나”	O O O PER-B O O O O
고맙습니다, 사랑합니다"";천주교, 김수환 추기경 유지 담긴 스티커 50만개 배포",O O PER-B O O O O O O
중국 어선 단속 해경 등 수당 인상,LOC-B O O O O O O
아이들 친구 ‘삼디기’ “100쇄 찍었어요”,O O O O O
[인문사회]‘왜 그랬을까’… 인간행동의 비밀을 벗기다,O O O O O
"[특파원칼럼] 한국 , G20 '보결생' 안 되려면",O LOC-B O O O O O
"네덜란드 벽에 막혀… 모태범 , 2연패 무산",O O O PER-B O O O
줄소송-운항정지… 충격의 아시아나,O O O
"절반은 2군 남는다… 알에서 깬 공룡, 생존 경쟁",O O O O O O O O
[브리핑] 수뢰 장영달 前 의원 법정구속,O O PER-B O ORG-B O
"박경미 , 표절 또 드러났는데 ‘당선권’ 배치",PER-B O O O O O O
현실보다 더 생생한 스포츠게임 세계 게임을 하는 순간 국가대표 선수가 된다;실제 선수들의 모습·능력 그대로 반영해 몰입 높여,O O O O O O O O O O O O O O O O O
"의료 韓流', 암 · 장기이식 · 불임치료 … 세계 최고 경쟁력",O O ISSUE-B O ISSUE-B O ISSUE-B O O O O
말단 엔지니어 입사 33년만에 첫 여성 CEO 로… ‘GM의 잔다르크 ’ 유리천장 깨다,O O O O O O ORG-B O O PER-B O O O
북키프로스 대선 ‘강경파’ 현 총리 당선,LOC-B ISSUE-B O O ORG-B O
MBK와 인수협상 중인 김형석 네파 대표,O O O PER-B O ORG-B
"[술에 너그러운 문화, 범죄 키우는 한국 ] (23) 운전중 들러 한잔… 국도 휴게소 43곳( 경기 · 강원 조사지역) 중 42곳서 술 팔아",O O O O O LOC-B O O O O O O O O LOC-B O LOC-B O O O O O
고춧가루 짬짜미 제일제당·대상 조사,O O O O
디지털 시위' 나선 베네수엘라 反정부 세력,O O O LOC-B O O
“나도 작가다” 자가출판의 시대,O O O O
무르시 “ 국민투표 강행” 軍 투입… 야권 11일 대규모 시위,PER-B O ISSUE-B O O O O O O O
"“ 일본 안보법 , 내년 3월29일 시행 방침”",O LOC-B ISSUE-B O O O O O
"전북도 , 2010 세계음식관광축제 유치",LOC-B O O ISSUE-B O
"더민주 당권주자, 일제히 박근혜 정부와 각 세우기",O O O PER-B O O O
"학생들이 낸 등록금 1860억원… 39개大, 사학연금 에 부당 지원",O O O O O ISSUE-B O O O
"가슴, 찌른듯 아프고 갑갑… 호흡기 질환 의심해야",O O O O ISSUE-B ISSUE-I O
‘ 북 핵대비’ 병력감축 규모 축소 /3천명 규모 해외파병부대 창설,O LOC-B O O O O O O O O
추석 이후 ‘혁신성장’ 액셀 밟는다,O O O O O
지자체 산하 공기업들도… 유력인사들 친인척 특혜채용 의혹,O O O O O O O
베토벤 소나타 전곡… 한국 서 3년 걸쳐 도전하는 일본인 바이올리니스트,PER-B O O LOC-B O O O O O O
할까 말까,O O
이스라엘 “땅굴파괴 완료”… 지상군 완전 철수,O O O O O O
"[ 장성택 처형 후폭풍] ""文革( 문혁 )으로 고초 겪은 시진핑 … 김정은 의 文革식 숙청에 반감 클수도""",O PER-B ISSUE-B O O ISSUE-B O O O PER-B O PER-B O O O O O
농구계의 산타클로스,O PER-B
31개월만에… 골퍼 김하늘 ‘햇빛 쨍’,O O PER-B O O
아동용품 수만점 2년째 익명 기부,O O O O O
"[Economic Review]화산건설㈜ , 고객에 대한 정직함과 정밀 시공 일류 종합건설사로 도약",O O O O O O O O O O O
"[8개 부처 업무보고] 행자부, 지방조직 개편안 보고",O O O O O O O
[유레카] ‘신 3반’ / 백기철,O O O O PER-B
올 추석도 농성장서…해직자들의 ‘긴 한숨’,O O O O O
"캐머런 총리 ""英 의료제도의 끔찍한 실패"" 사과",PER-B ORG-B O O O O O
11월 중간선거 겨냥한 오바마 의 승부수 최·저·임·금·인·상,O O O PER-B O O O
2011년 한반도 상황 매우 불안해,O LOC-B O O O
文 “민주당 중심으로 단일화”… 安 측 “ 安 집권하는게 새 시대”,PER-B O O O PER-B O O PER-B O O O
"[World Topics] 파리 … ""참다랑어를 구하라"" 내일 파리 서 국제회의",O O LOC-B O O O O LOC-B O O
"2003년부터 쓴 '일제 강점기'란 용어, 北이 '미제 강점기'랑 짝 이뤄 만든 말",O O O O O O O O O O O O
"['화려한 싱글'은 없다] (上) 가난한 '1인가구' 급증;나홀로 가구 절반, 한 달 수입 100만원 안돼",O O O O O O O O O O O O O O
하이닉스 ‘트리플 크라운’,O O O
아동음란물 단순 소지 성범죄 전력자 첫 기소,O O O O O O O
‘내신 절대평가’ 전국서 반발,O O O O
복지정보개발원 ‘빗나간 재정관리’,O O O
롤러 세계선수권 우효숙 3연패 위업;'1만m EP' 종목,O ISSUE-B PER-B O O O O
발레리나 서희 “현역에 있을 때 후배들 돕고 싶어요”,O O O O O O O O
이승열 “비로소 가벼워졌다”,PER-B O O
죽어서야 고향에 돌아온 조 하사,O O O PER-B ORG-B
11일부터 군포 헌책방 축제,O LOC-B ISSUE-B ISSUE-I
민감한 의제 사전조율…“장관급 회담 성과 가늠”,O O O O O O
4대강 범대위 ‘낙천운동 대상’ 30명 공개 논란,ISSUE-B O O O O O O
"“중 웨이보 의 힘, 정부 반부패 활동 능가”",O ISSUE-B O O O O O O
침묵 깬 이재오 “ 특임장관직 사퇴 의사 없다”,O O PER-B O ORG-B O O O
[ 문갑식 의 세상읽기] 언론의 亂(난),O PER-B O O O O
[ 인천 / 부천 ]섬마을 소녀가장 “4개 대학 붙었어요”,O LOC-B O LOC-B O O O O O
"한국GM노조, 3000만원 받고 '정규직 장사'",O O O O O
日 팬들도 ‘ KARA 앓이’,LOC-B O O PER-B O
[ 광화문 에서/ 조성하 ]행복하지 않은 한국인,O LOC-B O PER-B O O O
이 슬픔의 정체는 무엇인가,O O O O
"살해 후 시신 옆에서 잤다; 김길태 자백… 경찰, 목장갑 등 물증 확보",O O O O O PER-B O O O O O O
東日本 대지진 / 日 재정위기 ‘티핑포인트’ 넘어서나,LOC-B O O LOC-B O O O
"똘똘 뭉친 LG, 하루만에 1위 탈환",O O O O O O
"文 ""이번엔 꼭 제재해야""… 푸틴 "" 北 몰아세우지 말라""",PER-B O O O PER-B O LOC-B O O
"“흰돌고래 더 안들여옵니다” 롯데월드, 동물복지에 한발",O O O O O O
모래바람 잠재운 손 ~세이셔널,O O PER-B O
‘ 4대강 살리기 ’ 김해 지역 보상 타결,O ISSUE-B ISSUE-I O LOC-B O O O
재즈로 달궈지는 겨울,O O O
핀란드 총선 극우정당 대약진,LOC-B ISSUE-B O O
美의회 보고서 “日에 넘겨준건 시정권 … 영유권 과 무관”,O O O O ISSUE-B O ISSUE-B O O
미국 도 지지…세계 5대 통화로 위안 수요 늘고 가치 올라갈 듯,LOC-B O O O O O O O O O O
[ 수도권 Ⅰ] 전쟁과 이념 주제… DMZ 영화제 22일 개막,O LOC-B O O O O O O O O
[화제의 분양현장] 광교 프리미엄을 누리는 마지막 투자처 오피스텔,O O LOC-B O O O O O
아내·자식 때렸어도 뼈만 안 부러졌으면…,O O O O O
뜨거운 촛불 민심에…재벌 총수 들 다수 “국정조사 증인 서겠다”,O O O ORG-B O O O O O
부당 감액·반품시킨 대형마트에 최고 3배 배상금,O O O O O O
‘ 트럼프 저격수’ 이름값 한 매케인,O PER-B O O O PER-B
‘부르키니’ 놓고 갈라진 프랑스,O O O LOC-B
신인왕 전광인 ?,ISSUE-B PER-B O
"안전, 편의 사양 강화한 ‘더 뉴 쏘울’",O O O O O O O
"반대하던 오바마 , 韓·美 FTA 전도사로",O PER-B O ISSUE-B ISSUE-I O
[ 김희균 기자의 교육&공감]법과 소통이 사라진 교육정책,O PER-B O O O O O
TV-빔프로젝터 등 모든 화면을 터치스크린으로,O O O O O
"삼성전자, 예상대로 최대 실적 “올핸…”",O O O O O
강남 유흥업소 “올 게 왔다” 경찰에 성상납도 증언,LOC-B O O O O O O O
"건국대, 외부 연구비 수주액, 2013년 1000억원 넘어",O O O O O O O
‘자율형 공립고’ 5년내 150곳 생긴다,O O O O O
피부 살리는 야생 베리… 오프라 윈프리 도 반했죠,O O O O PER-B PER-I O O
[NEWS&VIEW] 인권 결의안 찬반 놓고 북한 에 입장 물어봤나,O ISSUE-B O O O LOC-B O O O
이진성 헌재소장 “국민 눈물 닦아줄 의무 있다”,PER-B ORG-B O O O O O
"[ 수도권 Ⅲ] [이슈 앤 현장] 새로 태어난 광주시 경안시장 ;안팎을 모두 현대식으로… ""여기 재래시장 맞아?""",O LOC-B O O O O O O LOC-B LOC-B O O O O O O
[ 최순실 국정농단 중간 점검] (4·끝) 朴 대통령 비선진료 논란,O PER-B O O O O PER-B O O O
새 방통심의위원 에 이진강 씨… 오늘 위원장 선출될듯,O ORG-B O PER-B O O ORG-B O
토종 과일브랜드 ‘썬플러스’ 아세요?,O O O O
"살림은 내가 다 할게, 다녀와~ ‘홀로 여행’ 떠나는 부부들",O O O O O O O O O
속옷 끈까지 하얀색 입으라니…,O O O O
얌전하면 랑랑 이 아니죠,O PER-B O O
[추억人] 박상천 前 민주당 대표,O PER-B O O ORG-B
" 클린마운틴 운동 ' 벌이는 한왕용 _""내가 '넘버3'라고?… 스폰서 없이 '순도 100%' 등정은 나밖에 없어"";'14좌 등정' 첫 번째는 박영석 , 두 번째는 엄홍길 , 세 번째는… 이 사람",O ISSUE-B ISSUE-I O O PER-B O O O O O O O O O O O O PER-B O O O PER-B O O O O O
[휴지통]“욕을 해?”,O O
■ ‘된장 찜질’ 아시나요… 묵은 된장 이용한 전통 건강요법… 단식-요가 곁들인 체험 코스도,O O O O O O O O O O O O O
아나운서 흉내 내지 않겠다;MBC 'W' 새 진행자 김혜수,O O O O O O O PER-B
민주 경선 주자들 “불똥 어디로” 좌불안석,O O O O O O
"청와대- 홍석현 중앙일보 회장 , 이상한 땅거래",O PER-B O ORG-B O O O
"美 뿔났나… 케리 , 2월 日 빼고 韓中 방문",LOC-B O PER-B O O LOC-B O LOC-B O
‘우파여 단결하라’ 미국 극우의 역사전쟁,O O LOC-B O O
류길재 통일장관 일주일 휴가떠나…정부 ‘ 개성공단 ’ 숨고르기,PER-B ORG-B O O O LOC-B O O
아들에게 사준 장난감 총이었다,O O O O
"강원 이번엔 정조국 , 영입 화룡점정",O O PER-B O O O
집행유예 중인 11만명 6월 지방선거 투표권,ISSUE-B O O O ISSUE-B O
주택연금 가입자들 /“수령액이 수입 70%”,O O O O O
"[ 김정일 사망] 김정일 은 선군정치 , 김정은 은 과학정치?",O PER-B O PER-B O ISSUE-B O PER-B O O
"송영길 시장 , 작년 도시축전 감사 청구;감사원에… 前任 인천시장 정책 대상은 처음",PER-B ORG-B O O O O O O ORG-B O O O
"生存 가능 72시간 지나자… 中 , 바로 선체 인양",O O O O LOC-B O O O O
80일 만에 풀려났어도… 말할 자유 없는 아이웨이웨이 ( 中 반체제 미술가),O O O O O O PER-B O LOC-B O O
[新성장동력]모바일 메신저 ‘ 라인 ’·동영상 앱 ‘ V ’ 해외에서 각광,O O O ISSUE-B O O O ISSUE-B O O O
"[기업& CEO ]㈜다비치안경체인, 新경영 운영체계 ‘VM’… 창조경영 1등 안경체인",O ORG-B O O O O O O O
[NEWS&VIEW] 뒷감당 대책 세우고 외교 뒤집나,O O O O O O
금리냐 서비스냐…CMA 고르는 재미 ‘쏠쏠’,O O O O O
親 盧 의 반격… 비주류 70% 공천탈락說,O PER-B O O O O O
공론조사 참여한 시민들이 ‘신고리 공사 중단 여부’ 결정,O O O O O O O O
“ 中 관광객 줄어드는데 면세점 늘려서야”,O LOC-B O O O O
다빈치 · 미켈란젤로 … 르네상스 천재들이 왔다,PER-B O PER-B O ISSUE-B O O
“70세는 넘어야 노인” 68%,O O O O
"프 , 니캅 착용 무슬림 여성에 첫 유죄 판결",LOC-B O O O O O O O O
총리실 “ 4대강 재검증”에 감사원 뿔났다,O O ISSUE-B O O O
“두 다리 못 쓰는 사람 앞에 내 장애는 미미”,O O O O O O O O O
"서병수 , 부산영화제 조직위원장 사퇴 뜻",PER-B O ISSUE-B ORG-B O O
"32년 외길… ""내 車는 멈추지 않는다""",O O O O O O
코스닥 상장폐지 과정서 돈 횡령… 3~4社 압수수색,O O O O O O O
"[Food&Dining 3.0]까다로운 품질 관리기준 적용, 컵 커피 시장의 고급화 주도",O O O O O O O O O O
최저임금 92만원 오를때… 전세금은 1722만원 뛰어,O O O O O O
[ 고미석 의 詩로 여는 주말] 정진규 ‘별’,O PER-B O O O O PER-B O
최저임금 올리면 고용 감소?,ISSUE-B O O O
"암참<주한미국상공회의소> 회장 "" 韓·美 FTA 재협상 필요없어""; 데이비드 럭 회장 ""美의회 비준 위해 힘쓸 것""",O ORG-B O ISSUE-B ISSUE-I O O PER-B PER-I ORG-B O O O O O
“백악관행 ‘쩐 전쟁’을 반대한다”,O O O O
 재외공관장 은 정무·경제·통상까지 능통해야,O ORG-B O O O
車 '뻥 연비' 왜 안 잡나,O O O O O O
입주기업 평균 2.3배 성장 ‘결실’,O O O O O
지성과 봉사로 한국 아름다움 전할 것,O O LOC-B O O O
김종영 과 칼더 …현대조각 거장 ‘2인 2색’,PER-B O PER-B O O O O
친인척 공안기록 법정 제출 금지,O O O O O
"[기자수첩] 朴 대통령에 환호, 중국인들 속마음",O PER-B O O O O
독특한 이력만큼 특이한 여백,O O O O
"서울시, 무상급식 예산집행 거부",O ISSUE-B O O
"조희연 서울시교육감 , ‘촌지’ 교사 첫 파면 요구",PER-B ORG-B O O O O O O
"개성공단 기업 대표 들, 9일 비상회의 열기로",LOC-B O ORG-B O O O O
"“구직 대신 편의점 창업”… 20,30대 가맹점주 급증",O O O O O O O
"은퇴 1년 손학규 ""나는 初心 그대로""",O O PER-B O O O
"105세, 사이클 타기 좋은 나이지",O O O O O
[창간 97주년 특집] 조선일보·칸타퍼블릭 가상 양자대결 여론조사,O O O O O O O
"개성공단 몰래 가동 들킨 北… ""뭘하든 상관 말라"" 적반하장",LOC-B O O O O O O O O
[휴지통]‘지문의 기억’… 4년만에 덜미잡힌 택시강도,O O O O O
"[ 충청 ] 安 지사, '과학벨트 충청권 조성' 호소",O LOC-B O PER-B O O O O O
안희정 “ DJ ·친노·친문 뛰어넘겠다” 대선 도전 선언,PER-B O PER-B O O ISSUE-B O O
호주오픈테니스 男단식 결승 5시간 53분 명승부… 프로스포츠 최장 시간 경기들,ISSUE-B O ISSUE-B O O O O O O O
"[충청] ""여러분 꿈 & 끼 청주 서 맘껏 펼치세요""",O O O O O LOC-B O O O
예비신랑 실종사건 주범과 17억 보험 살인범은 동일범?,ISSUE-B ISSUE-I O O O O O
허술한 국세청…대기업 상속·증여세 등 292억 덜 걷어,O O ISSUE-B O O O O
‘미세먼지 재해’…병원찾는 사람 급증,O O O O
‘ 박근혜 비대위’ 첫 과제는 ‘디도스’,O PER-B O O O O
샌더스 가 꾸린 ‘우리의 혁명’ 첫발부터 ‘삐걱’,PER-B O O O O O O
"“ 북 , 추가 핵실험 가능성…핵탄두 소형화 달성 못해”",O LOC-B O O O O O O O
[한겨레 프리즘] 지방선거 관전법?,O O ISSUE-B O
KBS 김인규 사장 “수신료 올려 디지털전환 등 투자… 1000명 감원”,O PER-B ORG-B O O O O O O O
날개 꺾인 金… ‘안전자산’ 위상 흔들려,O O O O O O
"[ 수도권 ] 상암동 노을공원 , 대형 조각들로 '새단장'",O LOC-B O LOC-B LOC-B O O O O
"미, 지난달 핵폭발 없는 ‘임계전 핵실험’ 실시",O O O O O O O
“젊은 삼성농구 경기력 167cm… 185cm까지 성장시킬 것”,O O O O O O O
이 대통령 “공무원 위기상황 지침 교육해야”,PER-B ORG-B O O O O
"[광화문에서/ 허문명 ] 박 대통령 , 아사히신문과 인터뷰부터",O PER-B O PER-B ORG-B O O O
“대형마트 규제후 개인슈퍼 대형화 등 유통지형 변화”,O O O O O O O
[토요이슈]연방 경찰 출신이 멕시코 마약 카르텔의 시조,O O O LOC-B O O O
아시안컵 “日두려워한 적 한번도 없다”,ISSUE-B O O O O
통화중 피싱차단… 음성전화 더 똑똑해진다,O O O O O
"인텔, 북한 진출 준비중?",O LOC-B O O
"박카스, 편의점 대결서도 비타500 앞서",O O O O O
478명 탄 伊 카페리 아드리아해 서 화재… 구조 난항,O O O O LOC-B O O O O
초대형 사업들에 손댔다가 ‘어이쿠’,O O O O
"[ 세종시 논란 가열] 親 朴 ""칼 맞으면서 정권 만들어 놨더니…"" 親李 ""표 때문이었다고, 차라리 솔직해져라"";與 세종시 內戰 親 朴 , 마치 야당처럼 정운찬 총리 벌떼공격",O LOC-B O O O PER-B O O O O O O O O O O LOC-B O O PER-B O O O PER-B ORG-B O
[책의 향기]거장들이 쓴 흑백영화 같은 범죄 단편들,O O O O O O O
[ 호남 ] 뮤지컬 '마리오네트' 공연 8일 광양 백운아트홀서,O LOC-B O O O O O LOC-B O
미국 ‘외교 거물’ 아미티지 “ 북한 정권 교체해야”,LOC-B O O PER-B O LOC-B O O
진화하는 백화점 DM,O O O
[ 광역단체장 후보 24시 밀착 르포]<4> 서울시장,O ORG-B O O O O ORG-B
"[제4회 한국축제박람회 ] 신촌물총축제 , 365일 축제로 매일 행복하고 즐겁게 살자",O ISSUE-B O ISSUE-B O O O O O O O
오바마 도 롬니 도 ‘ 오하이오 를 잡아라’,PER-B O PER-B O O LOC-B O O
[횡설수설/ 주성원 ]바나나와 무릎 시위,O PER-B O O O
“납북자 - 국군포로 송환에 西獨방식 고려”,O O O O O O
[오늘과 내일/ 이형삼 ]피의자 없는 ‘밤샘 수사’,O O PER-B O O O O
경제위기에… 푸틴 만을 위한 '짝퉁 아바 ' 콘서트; 호주 의 모방 그룹 4000만원에 초청,O PER-B O O O PER-B O O LOC-B O O O O O
[ 호남 ] [헬시 & 메디컬] 조선대병원 '통원수술센터' 열어,O LOC-B O O O O O O O
재직자는 더 내고 덜 받게… 신입은 국민연금 수준지급,O O O O O O ISSUE-B O
김두우 전 수석 21일 소환,PER-B O ORG-B O O
"김동욱 , 빚을 거꾸로 갚아야 할 운명",PER-B O O O O O O
"221cm-150kg 코트 거인, 20kg 빠진 홀쭉이로",O O O O O O
[ 제주 · 서울 ] 지자체 보조금 빼돌린 예술단체장 기소,O LOC-B O LOC-B O O O O ORG-B O
[ 靑·與·野 3자회담 ] 경제·민생 관련 현안,O ISSUE-B ISSUE-I O O O O
"與, 쟁점법안 대폭후퇴 끝 타결",O O O O O
 오바마 · 시진핑 머릿속 최우선 과제는 北韓 ,O PER-B O PER-B O O O LOC-B O
연평도 큰 동요 없었지만 “혹시나…” 긴장,LOC-B O O O O O
‘체육계 대통령 ’ 김종 의 민낯…“삼성에 장시호 16억 지원 강요”,O ORG-B O PER-B O O PER-B O O O
그리스 국영방송 잠정 폐쇄,LOC-B O O O
"12조5000억원 빚진 SH공사, 서울시가 직접 경영 나선다",O O O O O O O
"[ 中 · 日 '영토 분쟁' 격화] 日 ""순시선 망가뜨린 비용 내라"" 요구;여야 당파초월 '국가 지키는 모임' 결성",O LOC-B O LOC-B O O O LOC-B O O O O O O O O O O
복지부 ‘가족업무’ 여성부로 이관,O O O O
[지금이 제철]<53> 붕장어,O O O
"‘연구비 1조’ 삼성 TV기술, 엘지서 빼갔나",O O O O O O
문재인 “정권교체 넘어 경제교체”,PER-B O O O
[@뉴스룸/ 이승건 ]장애인체육에 ‘ 최 씨 불똥’,O PER-B O O PER-B O O
‘내가 쓸 물건은 내가 만든다’…무크지 ‘메이커스’ 창간,O O O O O O O
아들 몰라봐도… 어머니의 사랑 여전히 따뜻했죠,O O O O O O
[ 인천 / 부천 ] 영종하늘도시 사업계약 취소 잇따라,O LOC-B O LOC-B O LOC-B O O O
[글로벌 북카페]2015년 佛 문단 흔든 화두는 ‘이슬람’,O O LOC-B O O O O
"‘독립·민주·통일’ 백범 정신 기리려 누리꾼, 성금 모아 조형물 세우기로",O PER-B O O O O O O O
[오늘과 내일/ 정연욱 ]아류(亞流) 정치,O O PER-B O O
"소득 상위 20% 남성, 하위 20%보다 9.1년 더 산다",O O O O O O O O O
"[NEWS & VIEW] 청와대 "" 개성공단 , 유고(유고슬라비아·Yugoslavia) 모델化 막겠다""",O O O O O LOC-B O O O O
화상경마장 개별 소비세 2배로 올려 ‘제2의 담뱃세 인상’ 논란 불 붙을 듯,O ISSUE-B ISSUE-I O O O ISSUE-B O O O O O
"이마트, 협력사에 3000억 지원",O O O O
‘ 촛불사건 ’ 특정 재판부 몰아주기 /판사들 ‘반발’ 대책회의 했었다,O ISSUE-B O O O O O O O O
경기 초등생 92% 무상급식 /한나라 단체장 지역도 ‘순풍’,LOC-B O O ISSUE-B O ORG-B O O
"든든하다 김동욱 ! 인삼공사戰 21점, 삼성 4연승 이끌어",O PER-B O ISSUE-B O O O O
스틱형 원두커피 매출 7.5배 급증,O O O O O
"프라다… 발리… 213개 브랜드 손님맞이, 롯데 프리미엄 아웃렛 파주점 오픈",O O O O O O O O O O
[ 충북 ] ‘ 노근리 59주년’ 인권평화캠프 열린다,O LOC-B O O LOC-B O ISSUE-B O
“EU 기술을 국제표준으로” 원전 주도권 외교전 가동,O O O O O O O
‘제2금융→은행’ 전세대출 갈아타기 확대,O O O O
"발언권 커진 펀드들, 주총선 ‘찬성’ 거수기",O O O O O O
"[템플스테이, 힐링 속으로]사찰 태교여행",O O O O
 다중인격장애 · 아스퍼거증후군 아니다… 사이코패스 가능성 높다,O ISSUE-B O ISSUE-B O O O O
스타군단 신한에 뜬 ‘또 하나의 별’,O O O O O O
" NPT 탈퇴하고 사찰단 내쫓은 北이 核권리?	O ISSUE-B O O O O O
몰래카메라 범죄, 하루 평균 18건이나 발생	O O O O O O
금융지주사들 ‘모범규준’ 비웃듯… 사외이사 소속기관에 기부 늘려	O O O ORG-B O O O
“ 개성공단 경쟁력 회복 발판” 업체 반색	O LOC-B O O O O O
우윤근 새정치 원내대표 취임 100일…혼란 새정치 안정화 성공	PER-B O ORG-B O O O O O
케리 미 국무 “대북 세컨더리 보이콧 추구하고 있지 않다”	O O O O O O O O O
'최연소 CEO ' 열일곱 살 여고생	O ORG-B O O O O
6.신구대학 식물원 /고향 떠난 단양쑥부쟁이 ‘제2 안식처’	O O O O O O O
선발투수의 자존심 “10승을 던져라”	O O O O
李 대통령 “중앙-지방정부 힘 합쳐야”	PER-B O O O O
'청와대 문건 유출' 출구전략 찾는 검찰	O O O O O O
[유레카] 히딩크 논란 / 김창금	O PER-B O O PER-B
민병철 교수, 제자들과 거리에서 '에티켓 운동';G20 열리는 나라답게 국격 높여야죠""",PER-B O O O O O O O O O
팬택 비밀병기는 세계 최초 ‘엔드리스 메탈’,O O O O O O
“야당 때려잡기 수사” /분노 터트린 민주당,O O O O O O
아파트 외벽 작업자 밧줄 잘라 추락사시킨 40대 무기징역,O O O O O O O ISSUE-B
"萬行 열 달, 인도 서 만난 사기꾼도 내 부처님 ",O O O LOC-B O O O O PER-B O
"박근혜 정부의 첫 원전, 곧 법정으로",PER-B O O O O O
영유권 분쟁 대비 ‘제2 독도함’ 만든다,ISSUE-B O O O O O
‘저녁 없는 삶’ 470만명…장시간 노동에 찌든 나라,O O O O O O O
"퍼페타스튜디오 홍재철 감독 ;"" 한국 스튜디오에서 할리우드 영화 CG < 컴퓨터 그래픽 > 제작""",O PER-B ORG-B O LOC-B O LOC-B O ISSUE-B O ISSUE-B ISSUE-I O O
원외투쟁 회의론·원내지도력 약화 / 손학규 대표 ‘혹독한 겨울’,O O O O PER-B ORG-B O O
朴 대통령 訪中에 경제사절단 대거 동행,PER-B O O O O O
"고검장 출신 변호사( 박영수 ), 訴訟불만 60代에 흉기 피습",ORG-B O O PER-B O O O O O
"[ 김화성 전문기자의 아하, 이맛!]청국장",O PER-B O O O
“내 앨범 ‘The Epic’… 내년중 그래픽 노블로 낼겁니다”,O O O O O O O O
책의 향기 / 서재에 꽂힌 그들만의 취향속에서 우리시대 지식인 맨얼굴을 만나다,O O O O O O O O O O O
‘효도폰은 폴더폰’도 옛말…60대 이상 어르신 ‘스마트폰’ 선호,O O O O O O O
"檢, 면세점 수사로 ‘ 朴 대통령 뇌물죄’ 조준",O O O O PER-B O O O
"21세 처녀얼굴, 아버지 낫에… “이런 불행 이젠 끝나겠죠?”",O O O O O O O O
이주호 장관 - 대학총장 대교협 세미나서 ‘등록금’ 1시간 공방,PER-B ORG-B O ORG-B O O O O O
“한국인을 뽑고 싶어요”,O O O
[ 서울시장 보선 D-21] 박원순 > 나경원 5.1%P 차 접전… 본보-KRC 여론조사,O ISSUE-B ISSUE-I O PER-B O PER-B O O O O O
"[단독] 검찰, 박근혜 당선 이후 드러난 ‘첫 재계 수사’ 촉각",O O PER-B O O O O O O O
학종 전형 대학생이 학점 가장 높아,O O O O O O
"두근두근… 조마조마… 새벽잠 설쳐도, 점심 걸러도 신났다",O O O O O O O
[新성장동력]‘과자 실크로드’ 수출로 글로벌 브랜드 박차,O O O O O O
"[ 천안함 폭침 5주기] ""천안함 잊지 말길"" 유족들 白書 만든다",O ISSUE-B ISSUE-I O O O O O O O
"㈜씨크릿우먼, 업계 최초 ‘헤어패션’ 굿 디자인 어워드 수상",O O O O ISSUE-B ISSUE-I ISSUE-I O
"‘극우’ 배넌 없는 트럼프 백악관, 정책기조 바뀔까",O PER-B O PER-B O O O
연세대 인천 송도 캠퍼스 저에너지 주택 ‘그린홈 플러스’ 르포,O LOC-B LOC-B O O O O O O
"대기업 총수 가 아무리 상생 외쳐도… 임직원 은 ""단가 낮춰라"" 협력사 쥐어짜",O ORG-B O O O O ORG-B O O O O O
쇼팽 은 어떤 향수를 뿌렸을까,PER-B O O O O
"코리아스피드페스티벌 다음달 3,4일 2차전",ISSUE-B O O ISSUE-B
"위안부 유네스코 등재 보류 합의?… 정부 ""사실무근""",O O O O O O O
"[오늘과 내일/ 송상근 ]분노하라, 더 많이!",O O PER-B O O O
"탈북자 문제 ‘조용한 처리’ 합의중국, 남은 7명도 한국 보낼 듯",O O O O O O O LOC-B O O
“젊음-아이디어 있다면 세계 시장으로”,O O O O
"[다윈은 살아있다]<3> 신자유주의 , 진화냐 도태냐",O O ISSUE-B O O O
"여름 사나이 송승준 , KIA도 스톱",O O PER-B O O O
트럼프 이번엔 정경유착 의혹,PER-B O O O
[횡설수설/ 권순활 ]중소기업 63%는 “구인난”,O PER-B O O O
[ 노태우 회고록_정치자금과 나] 노태우 가 말하는 주요 인물들,O PER-B O O PER-B O O O O
"박근혜 , 지난해 예금증가 3896만원뿐…왜?",PER-B O O O O
‘ 달 의 기원’ 새 이론 나왔다,O LOC-B O O O O O
김치파이터 UFC 정복,O O O
위안화 절하는 제2의 플라자 합의 인가,O O O ISSUE-B ISSUE-I O
"文 대통령 오늘 휴가서 복귀, 트럼프는 휴가 시작",PER-B O O O O O O O
"호킹, ‘ET’ 찾기 나섰다",O O O O
‘경기회복’이냐 ‘탈핵’이냐…둘로 갈린 도쿄 민심,O O O O O
[횡설수설/ 홍찬식 ] 시진핑 과 박근혜,O PER-B O PER-B O PER-B
[휴지통]철가방에 학생부 넣고… 입학사정관실 침입 ‘간큰 모녀’,O O O O O O O
폭력시위 '전농'(전국농민회총연맹) 2차 집회 신청,O O O O O
"“ 임금피크제 해도 기업부담 7.5%P 만 줄어… 정년 60세시대, 연공서열 임금체계 바꿔야”",O ISSUE-B O O O O O O O O O O
인조이族 잡아라 유통업체 新전쟁,O O O O
"다가온 '하지(Hajj·이슬람 성지 순례)' … 이란·사우디 또 갈등; 이란 ""사우디서 反美 집회""사우디 ""혼란행위 용납못해""",O O O O O O O O LOC-B O O O O O
[만물상] 심리적 부검,O O O
영상산업의 미래를 본다 부산콘텐츠마켓 2009 개막,O O O ISSUE-B O O
무법자 같은 ‘노조파괴’ 유성기업 회장,O O O O ORG-B
국내 교과서에 ‘ 일본해 ’ 발칵,O O O LOC-B O O
[@뉴스룸/ 김창원 ]의혹 해소 못한 정명훈 사퇴의 변,O PER-B O O O PER-B O O
제주 의 속살 100km를 달리다,LOC-B O O O O
[특파원 칼럼] 사회인프라도 늙고 병드는 시대,O O O O O O
강원비앤이 등 공모주 청약,O O O O
정부는 “투자 늘려라” 재계는 “때 이르다”,O O O O O O
"막말 토해내는 '인강(인터넷 강의)';""으아! ○○○ 도지사 죽여버리고 싶어요"" ""여학생들 재수할 돈으로 쌍꺼풀 수술 해라""",O O O O O ORG-B O O O O O ISSUE-B ISSUE-I O
노원구 17개 고교에 전담 과외교사 2~3명 배치,LOC-B O O O O O O
모든 사람에게 敬語… 軍서 부하 들에게도 써 애먹기도,O O O O ORG-B O O O
기고자: [조선데스크] '자폐아 아빠'의 집중력,O O O O O
기존 대출 계약은 영향 없어… 내년부터 새로 돈 빌릴때 적용,O O O O O O O O O O
"기업 접대비, /기부금 두배",O O O O
"여당, 색깔론 씌워 헌재 다양성 봉쇄",O O O O O O
신용 낮아도 소득 많으면 햇살론 대출 못받아,O O O O O O O
"“ 문희상 , 조양호 회장 에 2004년 처남 취업 청탁”",O PER-B O PER-B ORG-B O O O O O
북한 인터넷 이틀째 불안정… 미국 ‘보복’ 부인,LOC-B O O O LOC-B O O
"李 대통령, 내일 中企대표 30여명과 대화",PER-B O O O O O
[ 수도권 I] 道·市·學이 협력해 제대로 지은 장애인학교,O LOC-B O O O O O O
백남기 농민 5·18 민주열사 묘역 에 잠들다,PER-B O LOC-B LOC-I LOC-I O O
제자들은 참 스승을 잊지 않았다;60년전 졸업생들이 주도… 강릉농공고 기틀 다진 故 최용근 교장 동상 세워,O O O O O O O O O O O PER-B ORG-B O O
"[초등 서술형 평가 대담] ""선생님, 어떻게 대비하죠?"";다독보다는 '정독'암기보다는 '이해'정답보다는 '표현'",O O O O O O O O O O
[특파원 칼럼] 出産이냐 다문화냐,O O O O
나라를 알려면 문학과 신문이 최고,O O O O O
독수리 5형제' 4강 날개짓,O O ISSUE-B O
"대우일렉, 엔텍합<이란계 다국적기업>과 매각 본계약 체결",O O O O O O
전세기 타고 간 배상문 “1000만달러 타겠다”,O O O PER-B O O
영덕 천지 1·2호기 환경평가도 중단… 신규 원전 '올스톱',LOC-B O O O O O O O
"친러 무장세력, 우크라 크림반도 정부청사-의사당 점거",O O LOC-B LOC-B O O
신임 경찰청장 후보자에 이철성 경찰청 차장 내정,O ORG-B O PER-B O ORG-B O
부산일보 편집국장 ‘대기발령 무효’“언론자유 위한 싸움에 힘 됐으면”,O ORG-B O O O O O O
오바마 - 시진핑 7일 첫 정상회담,PER-B O PER-B O O ISSUE-B
돈갚을 능력 ‘경보음’…대출문턱 높아지나,O O O O
[어떻게 생각하십니까] 취업 가뭄에… '成人체벌 학원'까지 등장,O O O O O O O
[동서남북] 꿈도 꾸기 어려운 초당적 안보,O O O O O O
[특파원 칼럼] ‘ 재팬 핸들러’의 한-일 과거사 인식,O O O LOC-B O O O O
"당신 손끝의 담배, 아이 눈앞의 흉기",O O O O O O
[@뉴스룸/ 조수진 ]“인사(人事)가 만사(萬事)”,O PER-B O O
"한국임업진흥원, ‘1사 1촌’ 산촌마을 살리기 다양한 지원",O O O O O O O
"‘음악 국가대표 ’ 키운 예원학교, 개교 50주년 기념 음악회 연다",O ORG-B O O O O O O O O
"재주는 투수가 부리고, 돈은 타자가 벌었다",O O O O O O
"憲裁·大法 대립에… 법조계 일각 ""두 기관 합쳐 갈등소지 없애자""",O O O O O O O O O
"[ 강인선 의 워싱턴 Live] 부드러워진 트럼프 … ""처음으로 정상적 대통령 같았다"" -폴리티코",O PER-B O O O O PER-B O O O ORG-B O O
‘금호그룹 일가’ 경영권 보장…‘대마불사’ 부활,O O O O O
영화와 자동차 / '올모스트 페이머스'의 투어 버스;청춘의 낭만 속으로 떠나볼까,O O O O O O O O O O
가빈 이 현대캐피탈 깼다,PER-B O O O
중앙은행 ‘금융 거시감독권’ 되찾을까,O O O O
‘여론 무마용’ 지적에도…‘100년형’ 입법 강행,O O O O O
[아덴만 여명 작전]“헬기-보트 접근 3일간 기만작전 실제 작전 시작하자 해적들 당황”,O O O O O O O O O O O
"“30년만에 형님 장례, 억울한 희생 없길”",O O O O O O
“한국사 국정교과서 전환땐 학생들 입시부담도 커진다”,O O O O O O
새 둥지 된 48억짜리 기상청 장비,O O O O O O
19세기 초상화'인 줄 알았는데… 지문 덕에 ' 다 빈치 진품' 인정;호가 1843억원으로 폭등,O O O O O O O PER-B PER-I O O O O
‘ 대산문학상 ’ 시 이장욱 ·소설 김이정 ·평론 정홍수 수상,O ISSUE-B O O PER-B O PER-B O PER-B O
"필요 은퇴자금, ‘연상 부부’가 가장 적다",O O O O O O
"[Around the World] 도쿄 … 中 , 反日시위는 승인된 것… 예상보다 100배 많이 모여",O O O LOC-B O LOC-B O O O O O O O O
"해외건설 5000억 달러 / 대우건설, 지난해 전체 중 40% 해외수주",O O O O O O O O O O
금융공기관 성과연봉제 시행 1년 미뤄,O ISSUE-B O O O
美 청년들 ‘광산으로’… 신입 5만달러 파격 연봉,LOC-B O O O O O O
"곤니치와 사라진 관광명소 ""니하오""가 채운다",O O O O O
대구 불교계 “ 김범일 시장 주민소환 검토”,LOC-B O O PER-B O O O
“죽다 살아난 느낌…생지옥 거리엔 피난행렬”,O O O O O
못살던 시절 스웨덴 입양 열심히 산 교민들 고마워,O O LOC-B O O O O O
박 대통령 “국정 과제 추진에 박차”,PER-B ORG-B O O O O
[에너지가 미래다]가볍게 입고 ‘ 빼고 끄고 걷는 ’ 절전 캠페인 전개,O O O O ISSUE-B ISSUE-I ISSUE-I O O O O
[녹색 행복도시 의정부 ] 4대 하천 생태복원 … 생명력 넘치는 도시로,O O LOC-B O O O ISSUE-B O O O O
"[ 수도권 ] ""여기가 바로…"" 서울 서 되살아난 '역사의 현장'",O LOC-B O O O LOC-B O O O O
라면·여행·독서… 소설가의 삶을 말하다,O O O O
미 국방장관 “ 북 미사일 요격 안해”,LOC-B ORG-B O LOC-B O O O
‘한게임 포커’로 재미 본 NHN /쉿! ‘사상 최대실적’ 비밀이야,O O O O O O O O O
“전쟁 시작한 이가 끝내야” 목소리 높이는 하마스,O O O O O O O
[뉴스 블로그] 깜깜이 타이어 가격… 부르는 게 값,O O O O O O O O
"삼성 제친 현대차그룹, 순익 1위?",O O O O O
“아버지에 불효한 회한 비로소 사그라든다”,O O O O O
잠깐! 관절 근육부터 충분히 풀고 운동 나가세요,O O O O O O O
"강석주 는 중· 러 , 김계관 은 미·일 /북 ‘한·미·일 맞대응’ 외교 정비",PER-B O O LOC-B O PER-B O O O O O O O
살인혐의 무기징역 구형 피고인 /국민참여재판서 무죄 평결,O ISSUE-B O O O O O
경찰과 충돌… 폭력 얼룩진 홍콩 의 춘제,O O O O LOC-B O O
[문학예술]세상에 쓸모 없는 물건이란 없다…‘물건의 재구성’,O O O O O O
휴전 파기 명분 ‘병사 납치’ 알고보니 이스라엘의 오판,O O O O O O O O
차세대 ICBM '둥펑-41'·전략폭격기 '훙-6K' 주목,O O O O O
런민일보 “ 中 6·25전쟁 참전은 안보 지키기 위한 결정”,O O LOC-B ISSUE-B O O O O O
日 “ 동아시아 뭉쳐 中 해상장악 견제하자”,LOC-B O LOC-B O LOC-B O O
문재인 “정체성 논쟁 부질없는 일”,PER-B O O O O
[2012지구촌 새권력]3차례 美 대선후보 TV 토론… 中 53 vs 日 0,O O LOC-B O O O O O O O O
노벨 물리학상 에 아로슈 ·와인랜드 “양자물리학 획기적 실험방법 고안”,ISSUE-B ISSUE-I O PER-B O O O O O
세계 곳곳 무지개색으로 물들었다,O O O O
1박2일 소음-술판 집회… 여의도 주민들 “잠 좀 잡시다”,O O O LOC-B O O O O
[책의 향기]‘죽음의 날’을 정한 아버지와의 담담한 동행,O O O O O O O
건물관리인 2명 같은 병실 입원… 말 맞춘 의혹 수사,O O O O O O O O O
‘대북 강경책’ 지속 신호,O O O O
[ 홍수영 의 뉴스룸]끝내 보수의 샛별은 빛나지 않는가,O PER-B O O O O O O
[월드 톡톡] 어떻게 들고 갔을까?,O O O O O
[이사람] ‘행복 도시락’이 도박중독 치유 마중물 될 것,O O O O O O O O
[ 6·25전쟁 60주년][나와 6·25 ] ⑧ 신군식 씨 '난 인민군 소위 였다';인민군에서 국군 장교 로… 난 스스로 조국을 선택했다,O ISSUE-B O ISSUE-B O O PER-B O O O ORG-B O O ORG-B O O O O O
[2016 대한민국 창조경제 대상]일하는 군수 가 만드는 ‘뜨는’ 군위,O LOC-B O O ORG-B O O O LOC-B
[새로 상장합니다] 차이나하오란리사이클링,O O O
[ 대구 / 경북 ] 대구 청년취업 ‘3색 지원’,O LOC-B O LOC-B O LOC-B O O O
인문계도 수리문제 출제… 자연계는 논리력 묻는 유형 주의,O O O O O O O O
손학규 “ 대통령 모든 것 내려놓고 여야 합의하면 누구도 총리 제의 거스를 수 없어”,PER-B O ORG-B O O O O O O ORG-B O O O O
‘닷컴 스타’ 야후 22년만에 종말,O O O O O
獨 '키몬다' 청산 가능성,O O O O
[만물상] 학자와 논문,O O O
"장성우 , 연장 역전 끝내기포",PER-B O O O O
[‘따뜻한 시장경제의 모델’ 협동조합이 뜬다]<中>소비자 친화적인 생협,O O O O O O O
"“자식들한테 물어보세요, 내 ‘디싱’ 어디서 듣는지”",O O O O O O
아시아 7개국 피아니스트 70명 하모니 총출동,LOC-B O O O O O
문닫는 은행지점 터에 ‘뉴스테이’ 공급,O O O O O
"나토군, 아프간 서 BBC 기자 ‘오인 사살’ 인정",O LOC-B O O O O O O
천주교 사제단 ‘ 4대강사업 반대’ 영산강 순례,O O O ISSUE-B O LOC-B O
이 남자 목소리에서 마흔 살의 김광석 을 상상하다,O O O O O PER-B O O
政府 조직법 타결… 47일 헛돌다 대통령 原案대로,O ISSUE-B O O O ORG-B O
공천 겨냥한 의원 의 甲질 신규당원 가입도 막는다,O O ORG-B O O O O O
"[생생 ART] 세계 미술계를 쥐락펴락, 알 마야사 카타르 공주 · 알 카시미 UAE 샤르자 공주",O O O O O PER-B PER-I LOC-B ORG-B O PER-B PER-I LOC-B PER-B ORG-B
제조업 가동률 7년 만에 최저치…자동차·반도체 등 동반하락,O O O O O O O
녹색성장-카지노-호텔株 ‘G20 수혜 3대종목’,O O O O
한 - 일 15일 ‘위안부 협의’ 제대로 할까,LOC-B O LOC-B O O O O O
전기車 사실상 실패 ‘충격’…하이브리드가 살길,O O O O O
"‘죽기 전 고향 땅으로…’ 고령 이산가족들, 성묘 방북 추진 나서",O O O O O O O O O O
[ 동인문학상 1955~2011] 권여선 · 최제훈 · 편혜영 · 최수철 최종 후보에,O ISSUE-B O PER-B O PER-B O PER-B O PER-B O O
별은… 죽음조차 빛난다;3일 잭슨 추도식 100만 인파 예상 死後 빌보드 앨범차트 1위로 등극,O O O PER-B O O O O O O O O O
미·중 금융위기 우려 완화 코스피 엿새만에 소폭 올라,O O O O O O O O
"막걸리, 2014년내 中企적합업종서 제외",O O O O
유학생 관리 허술할 땐 비자 안 내준다,O O O O O O O
무역수지 한달만에 흑자반전,O O O
안양옥 새 교총 회장 /“교원평가 개선해야”,PER-B O O ORG-B O O
"대구교육대의 '無法교수'… 폭행·성희롱 등 피해사례 100여건;학생 면담때 ""여기 때려야 사람 죽어"" 가르치고…",O O O O O O O O O O O O
법적 정당성 없는 ‘진보인사 솎아내기’ 제동,O O O O O O
대구 여대생 살인범 휴대폰·PC에 음란물 100여개,LOC-B O O O O O
서울대 한국학 첫 외국인 교수,O O O O O
文 “잘돼 갑니까”… 安 “최선 다해야죠”,PER-B O O PER-B O O
미 ‘ 러시아 게이트 ’ 특검 임명… 트럼프 탄핵열차 시동거나,LOC-B O ISSUE-B ISSUE-I O O O PER-B O O
東日本 대지진 / 日 서 부품조달 中企 수급 비상,LOC-B O O LOC-B O O O O O
[청소년책]첫사랑 둘러싼 혼란스러운 뒷담화,O O O O
"檢, 경찰이 신청한 ‘ 金 검사 계좌 수색영장’ 기각",O O O O PER-B O O O O
"52년 전 ‘방관자 효과’, 모티브 사건은 ‘뉴욕타임스’ 왜곡보도",O O O O O O O O
나눔의 메시지… 정치참여 선언보다 더 극적 효과 ? 안철수 원장 주식 절반 기부 - 야권의 쏟아지는 통합신당 참여 압박에 '기부정치'로 대답,O O O O O O O O PER-B ORG-B O O O O O O O O O O O
수입물가는 내림세 탔는데… 소비자물가 고공행진 여전,O O O O O O
특목고처럼… 일반고에도 '사배자(사회적 배려 대상자)' 전형 신설,O O O O O O O
"폭락설에서 폭등설까지… 널뛰는 한국 부동산 시장 전망;""근거없는 부동산 불패론·폭락론은 무책임한 선전선동일 뿐""",O O O LOC-B O O O O O O O O
[광화문에서/ 하태원 ]어느 ‘책사’의 죽음,O PER-B O O O
거액 거래 챙긴 트럼프 “ 중국 비난 안한다”,O O O PER-B O LOC-B O O
[@뉴스룸/ 조건희 ]제2의 메르스 대응 시나리오 있나,O PER-B O ISSUE-B O O O
"모처럼 외식, 공짜여행 ‘행운’ 잡아볼까",O O O O O
투명한 피부·큰 머리·작은 눈…암흑천지 동굴생활이 만든 변화,O O O O O O O
